time,sst
2014-03-01T00:00:00Z,25.28
2014-03-02T00:00:00Z,24.66
2014-03-03T00:00:00Z,24.26
2014-03-04T00:00:00Z,24.195
2014-03-05T00:00:00Z,24.42
2014-03-06T00:00:00Z,24.624999999999996
2014-03-07T00:00:00Z,24.7
2014-03-08T00:00:00Z,24.91
2014-03-09T00:00:00Z,24.695
2014-03-10T00:00:00Z,24.535
2014-03-11T00:00:00Z,24.45
2014-03-12T00:00:00Z,24.525000000000002
2014-03-13T00:00:00Z,24.915
2014-03-14T00:00:00Z,24.955
2014-03-15T00:00:00Z,25.05
2014-03-16T00:00:00Z,25.195
2014-03-17T00:00:00Z,25.155
2014-03-18T00:00:00Z,25.265
2014-03-19T00:00:00Z,25.28
2014-03-20T00:00:00Z,25.465000000000003
2014-03-21T00:00:00Z,25.325
2014-03-22T00:00:00Z,24.990000000000002
2014-03-23T00:00:00Z,24.735
2014-03-24T00:00:00Z,24.635
2014-03-25T00:00:00Z,24.695000000000004
2014-03-26T00:00:00Z,24.729999999999997
2014-03-27T00:00:00Z,24.965
2014-03-28T00:00:00Z,25.380000000000003
2014-03-29T00:00:00Z,25.585
2014-03-30T00:00:00Z,25.625
2014-03-31T00:00:00Z,25.590000000000003
2014-04-01T00:00:00Z,25.505000000000003
2014-04-02T00:00:00Z,25.495
2014-04-03T00:00:00Z,25.31
2014-04-04T00:00:00Z,25.14
2014-04-05T00:00:00Z,25.215
2014-04-06T00:00:00Z,25.3
2014-04-07T00:00:00Z,25.455000000000002
2014-04-08T00:00:00Z,25.360000000000003
2014-04-09T00:00:00Z,25.065
2014-04-10T00:00:00Z,24.549999999999997
2014-04-11T00:00:00Z,24.540000000000003
2014-04-12T00:00:00Z,24.855
2014-04-13T00:00:00Z,24.310000000000002
2014-04-14T00:00:00Z,24.1
2014-04-15T00:00:00Z,24.005000000000003
2014-04-16T00:00:00Z,23.91
2014-04-17T00:00:00Z,23.8
2014-04-18T00:00:00Z,24.59
2014-04-19T00:00:00Z,24.765
2014-04-20T00:00:00Z,24.450000000000003
2014-04-21T00:00:00Z,24.065000000000005
2014-04-22T00:00:00Z,24.015
2014-04-23T00:00:00Z,23.455000000000002
2014-04-24T00:00:00Z,23.430000000000003
2014-04-25T00:00:00Z,23.48
2014-04-26T00:00:00Z,23.32
2014-04-27T00:00:00Z,23.185
2014-04-28T00:00:00Z,23.195
2014-04-29T00:00:00Z,23.165
2014-04-30T00:00:00Z,23.125000000000004
2014-05-01T00:00:00Z,23.195
2014-05-02T00:00:00Z,22.865000000000002
2014-05-03T00:00:00Z,22.865
2014-05-04T00:00:00Z,22.810000000000002
2014-05-05T00:00:00Z,22.735
2014-05-06T00:00:00Z,22.73
2014-05-07T00:00:00Z,22.744999999999997
2014-05-08T00:00:00Z,22.615
2014-05-09T00:00:00Z,22.565
2014-05-10T00:00:00Z,22.465
2014-05-11T00:00:00Z,21.845000000000002
2014-05-12T00:00:00Z,21.785
2014-05-13T00:00:00Z,21.97
2014-05-14T00:00:00Z,21.77
2014-05-15T00:00:00Z,21.695
2014-05-16T00:00:00Z,21.630000000000003
2014-05-17T00:00:00Z,21.580000000000002
2014-05-18T00:00:00Z,21.585
2014-05-19T00:00:00Z,21.415000000000003
2014-05-20T00:00:00Z,21.15
2014-05-21T00:00:00Z,21.085
2014-05-22T00:00:00Z,21.025
2014-05-23T00:00:00Z,20.73
2014-05-24T00:00:00Z,20.72
2014-05-25T00:00:00Z,20.570000000000004
2014-05-26T00:00:00Z,20.44
2014-05-27T00:00:00Z,19.955
2014-05-28T00:00:00Z,19.61
2014-05-29T00:00:00Z,19.490000000000002
2014-05-30T00:00:00Z,19.465000000000003
2014-05-31T00:00:00Z,19.365
2014-06-01T00:00:00Z,19.259999999999998
2014-06-02T00:00:00Z,19.18
2014-06-03T00:00:00Z,18.995
2014-06-04T00:00:00Z,18.865
2014-06-05T00:00:00Z,18.825000000000003
2014-06-06T00:00:00Z,19.349999999999998
2014-06-07T00:00:00Z,19.575
2014-06-08T00:00:00Z,18.765
2014-06-09T00:00:00Z,18.77
2014-06-10T00:00:00Z,19.125
2014-06-11T00:00:00Z,19.235000000000003
2014-06-12T00:00:00Z,19.46
2014-06-13T00:00:00Z,19.57
2014-06-14T00:00:00Z,19.575
2014-06-15T00:00:00Z,19.8
2014-06-16T00:00:00Z,19.915
2014-06-17T00:00:00Z,19.9
2014-06-18T00:00:00Z,19.48
2014-06-19T00:00:00Z,19.265
2014-06-20T00:00:00Z,18.99
2014-06-21T00:00:00Z,18.834999999999997
2014-06-22T00:00:00Z,18.95
2014-06-23T00:00:00Z,18.945
2014-06-24T00:00:00Z,19.110000000000003
2014-06-25T00:00:00Z,19.270000000000003
2014-06-26T00:00:00Z,19.365
2014-06-27T00:00:00Z,19.405
2014-06-28T00:00:00Z,19.695
2014-06-29T00:00:00Z,19.665000000000003
2014-06-30T00:00:00Z,19.655
2014-07-01T00:00:00Z,19.515
2014-07-02T00:00:00Z,19.310000000000002
2014-07-03T00:00:00Z,19.190000000000005
2014-07-04T00:00:00Z,19.76
2014-07-05T00:00:00Z,19.87
2014-07-06T00:00:00Z,19.86
2014-07-07T00:00:00Z,19.11
2014-07-08T00:00:00Z,18.415
2014-07-09T00:00:00Z,18.535
2014-07-10T00:00:00Z,18.565
2014-07-11T00:00:00Z,18.354999999999997
2014-07-12T00:00:00Z,18.330000000000005
2014-07-13T00:00:00Z,18.195000000000004
2014-07-14T00:00:00Z,18.51
2014-07-15T00:00:00Z,18.88
2014-07-16T00:00:00Z,19.27
2014-07-17T00:00:00Z,19.32
2014-07-18T00:00:00Z,19.4
2014-07-19T00:00:00Z,19.345000000000002
2014-07-20T00:00:00Z,19.125
2014-07-21T00:00:00Z,18.880000000000003
2014-07-22T00:00:00Z,18.78
2014-07-23T00:00:00Z,18.785
2014-07-24T00:00:00Z,18.985
2014-07-25T00:00:00Z,18.860000000000003
2014-07-26T00:00:00Z,18.72
2014-07-27T00:00:00Z,18.59
2014-07-28T00:00:00Z,18.365000000000002
2014-07-29T00:00:00Z,18.195000000000004
2014-07-30T00:00:00Z,18.37
2014-07-31T00:00:00Z,19.110000000000003
2014-08-01T00:00:00Z,19.685000000000002
2014-08-02T00:00:00Z,20.095000000000002
2014-08-03T00:00:00Z,19.805
2014-08-04T00:00:00Z,19.220000000000002
2014-08-05T00:00:00Z,18.84
2014-08-06T00:00:00Z,18.79
2014-08-07T00:00:00Z,19.075
2014-08-08T00:00:00Z,19.205000000000002
2014-08-09T00:00:00Z,18.77
2014-08-10T00:00:00Z,18.904999999999998
2014-08-11T00:00:00Z,19.044999999999998
2014-08-12T00:00:00Z,18.835
2014-08-13T00:00:00Z,18.43
2014-08-14T00:00:00Z,18.19
2014-08-15T00:00:00Z,17.830000000000002
2014-08-16T00:00:00Z,17.525
2014-08-17T00:00:00Z,17.51
2014-08-18T00:00:00Z,17.785
2014-08-19T00:00:00Z,18.255000000000003
2014-08-20T00:00:00Z,18.035
2014-08-21T00:00:00Z,17.845
2014-08-22T00:00:00Z,18.040000000000003
2014-08-23T00:00:00Z,18.245
2014-08-24T00:00:00Z,18.235
2014-08-25T00:00:00Z,18.67
2014-08-26T00:00:00Z,19.060000000000002
2014-08-27T00:00:00Z,19.145
2014-08-28T00:00:00Z,18.455
2014-08-29T00:00:00Z,18.045
2014-08-30T00:00:00Z,18.060000000000002
2014-08-31T00:00:00Z,18.124999999999996
2014-09-01T00:00:00Z,18.23
2014-09-02T00:00:00Z,18.365000000000002
2014-09-03T00:00:00Z,18.545
2014-09-04T00:00:00Z,18.495
2014-09-05T00:00:00Z,18.625000000000004
2014-09-06T00:00:00Z,18.685
2014-09-07T00:00:00Z,19.085
2014-09-08T00:00:00Z,19.305
2014-09-09T00:00:00Z,19.26
2014-09-10T00:00:00Z,19.205000000000002
2014-09-11T00:00:00Z,19.28
2014-09-12T00:00:00Z,19.4
2014-09-13T00:00:00Z,19.715
2014-09-14T00:00:00Z,19.92
2014-09-15T00:00:00Z,19.549999999999997
2014-09-16T00:00:00Z,19.355
2014-09-17T00:00:00Z,19.39
2014-09-18T00:00:00Z,19.395
2014-09-19T00:00:00Z,20.815
2014-09-20T00:00:00Z,21.075
2014-09-21T00:00:00Z,20.564999999999998
2014-09-22T00:00:00Z,20.16
2014-09-23T00:00:00Z,20.27
2014-09-24T00:00:00Z,20.415
2014-09-25T00:00:00Z,20.585000000000004
2014-09-26T00:00:00Z,20.855
2014-09-27T00:00:00Z,20.94
2014-09-28T00:00:00Z,20.94
2014-09-29T00:00:00Z,20.925
2014-09-30T00:00:00Z,20.71
2014-10-01T00:00:00Z,20.605
2014-10-02T00:00:00Z,20.480000000000004
2014-10-03T00:00:00Z,20.52
2014-10-04T00:00:00Z,20.635
2014-10-05T00:00:00Z,20.565
2014-10-06T00:00:00Z,20.654999999999998
2014-10-07T00:00:00Z,20.845
2014-10-08T00:00:00Z,21.025
2014-10-09T00:00:00Z,21.060000000000002
2014-10-10T00:00:00Z,21.36
2014-10-11T00:00:00Z,21.45
2014-10-12T00:00:00Z,21.64
2014-10-13T00:00:00Z,21.925
2014-10-14T00:00:00Z,21.935000000000002
2014-10-15T00:00:00Z,21.675000000000004
2014-10-16T00:00:00Z,21.654999999999998
2014-10-17T00:00:00Z,21.775000000000002
2014-10-18T00:00:00Z,22.384999999999998
2014-10-19T00:00:00Z,22.52
2014-10-20T00:00:00Z,22.26
2014-10-21T00:00:00Z,21.930000000000003
2014-10-22T00:00:00Z,22.110000000000003
2014-10-23T00:00:00Z,21.849999999999998
2014-10-24T00:00:00Z,22.04
2014-10-25T00:00:00Z,22.3
2014-10-26T00:00:00Z,22.47
2014-10-27T00:00:00Z,22.655
2014-10-28T00:00:00Z,22.9
2014-10-29T00:00:00Z,22.995
2014-10-30T00:00:00Z,22.925
2014-10-31T00:00:00Z,23.020000000000003
2014-11-01T00:00:00Z,23.325000000000003
2014-11-02T00:00:00Z,23.355
2014-11-03T00:00:00Z,23.835
2014-11-04T00:00:00Z,24.1
2014-11-05T00:00:00Z,23.505000000000003
2014-11-06T00:00:00Z,23.35
2014-11-07T00:00:00Z,23.32
2014-11-08T00:00:00Z,23.845
2014-11-09T00:00:00Z,23.7
2014-11-10T00:00:00Z,23.505000000000003
2014-11-11T00:00:00Z,23.459999999999997
2014-11-12T00:00:00Z,23.560000000000002
2014-11-13T00:00:00Z,23.680000000000003
2014-11-14T00:00:00Z,22.95
2014-11-15T00:00:00Z,22.605
2014-11-16T00:00:00Z,22.5
2014-11-17T00:00:00Z,23.134999999999998
2014-11-18T00:00:00Z,23.195
2014-11-19T00:00:00Z,23.115000000000002
2014-11-20T00:00:00Z,23.145000000000003
2014-11-21T00:00:00Z,23.220000000000002
2014-11-22T00:00:00Z,23.430000000000003
2014-11-23T00:00:00Z,23.16
2014-11-24T00:00:00Z,22.490000000000002
2014-11-25T00:00:00Z,22.455000000000002
2014-11-26T00:00:00Z,22.545
2014-11-27T00:00:00Z,22.765
2014-11-28T00:00:00Z,23.195
2014-11-29T00:00:00Z,23.225
2014-11-30T00:00:00Z,23.16
2014-12-01T00:00:00Z,23.375000000000004
2014-12-02T00:00:00Z,23.975
2014-12-03T00:00:00Z,23.595
2014-12-04T00:00:00Z,23.509999999999998
2014-12-05T00:00:00Z,23.705000000000002
2014-12-06T00:00:00Z,24.14
2014-12-07T00:00:00Z,24.599999999999998
2014-12-08T00:00:00Z,25.225
2014-12-09T00:00:00Z,25.259999999999998
2014-12-10T00:00:00Z,25.275000000000002
2014-12-11T00:00:00Z,25.335
2014-12-12T00:00:00Z,25.320000000000004
2014-12-13T00:00:00Z,25.075000000000003
2014-12-14T00:00:00Z,24.725
2014-12-15T00:00:00Z,24.725
2014-12-16T00:00:00Z,24.745
2014-12-17T00:00:00Z,24.405
2014-12-18T00:00:00Z,24.5
2014-12-19T00:00:00Z,24.33
2014-12-20T00:00:00Z,24.370000000000005
2014-12-21T00:00:00Z,24.28
2014-12-22T00:00:00Z,24.16
2014-12-23T00:00:00Z,24.265000000000004
2014-12-24T00:00:00Z,24.205000000000002
2014-12-25T00:00:00Z,23.689999999999998
2014-12-26T00:00:00Z,24.025
2014-12-27T00:00:00Z,24.45
2014-12-28T00:00:00Z,24.525
2014-12-29T00:00:00Z,24.51
2014-12-30T00:00:00Z,24.79
2014-12-31T00:00:00Z,25.305000000000003
2015-01-01T00:00:00Z,25.520000000000003
2015-01-02T00:00:00Z,25.589999999999996
2015-01-03T00:00:00Z,25.355
2015-01-04T00:00:00Z,25.360000000000003
2015-01-05T00:00:00Z,25.514999999999997
2015-01-06T00:00:00Z,25.47
2015-01-07T00:00:00Z,25.775
2015-01-08T00:00:00Z,25.885
2015-01-09T00:00:00Z,25.849999999999998
2015-01-10T00:00:00Z,27.265000000000004
2015-01-11T00:00:00Z,27.28
2015-01-12T00:00:00Z,27.259999999999998
2015-01-13T00:00:00Z,27.385
2015-01-14T00:00:00Z,27.765
2015-01-15T00:00:00Z,27.275
2015-01-16T00:00:00Z,26.939999999999998
2015-01-17T00:00:00Z,26.919999999999998
2015-01-18T00:00:00Z,26.959999999999997
2015-01-19T00:00:00Z,27.310000000000002
2015-01-20T00:00:00Z,27.23
2015-01-21T00:00:00Z,26.335
2015-01-22T00:00:00Z,26.22
2015-01-23T00:00:00Z,26.214999999999996
2015-01-24T00:00:00Z,26.17
2015-01-25T00:00:00Z,26.39
2015-01-26T00:00:00Z,26.470000000000002
2015-01-27T00:00:00Z,26.565000000000005
2015-01-28T00:00:00Z,26.655000000000005
2015-01-29T00:00:00Z,26.475
2015-01-30T00:00:00Z,26.060000000000002
2015-01-31T00:00:00Z,25.76
2015-02-01T00:00:00Z,25.735000000000003
2015-02-02T00:00:00Z,26.345000000000002
2015-02-03T00:00:00Z,26.335
2015-02-04T00:00:00Z,26.08
2015-02-05T00:00:00Z,26.12
2015-02-06T00:00:00Z,25.73
2015-02-07T00:00:00Z,25.6
2015-02-08T00:00:00Z,25.845000000000002
2015-02-09T00:00:00Z,26.285
2015-02-10T00:00:00Z,26.690000000000005
2015-02-11T00:00:00Z,26.784999999999997
2015-02-12T00:00:00Z,26.975
2015-02-13T00:00:00Z,26.84
2015-02-14T00:00:00Z,26.290000000000003
2015-02-15T00:00:00Z,26.220000000000002
2015-02-16T00:00:00Z,26.035
2015-02-17T00:00:00Z,25.400000000000002
2015-02-18T00:00:00Z,25.735000000000003
2015-02-19T00:00:00Z,25.885
2015-02-20T00:00:00Z,26.185
2015-02-21T00:00:00Z,26.495
2015-02-22T00:00:00Z,26.395000000000003
2015-02-23T00:00:00Z,26.44
2015-02-24T00:00:00Z,27.145
2015-02-25T00:00:00Z,27.115
2015-02-26T00:00:00Z,26.66
2015-02-27T00:00:00Z,26.305
2015-02-28T00:00:00Z,26.114999999999995
2015-03-01T00:00:00Z,26.105
2015-03-02T00:00:00Z,26.185
2015-03-03T00:00:00Z,26.599999999999998
2015-03-04T00:00:00Z,26.640000000000004
2015-03-05T00:00:00Z,26.680000000000003
2015-03-06T00:00:00Z,26.66
2015-03-07T00:00:00Z,26.595000000000002
2015-03-08T00:00:00Z,26.605000000000004
2015-03-09T00:00:00Z,26.560000000000002
2015-03-10T00:00:00Z,26.509999999999998
2015-03-11T00:00:00Z,26.64
2015-03-12T00:00:00Z,26.745
2015-03-13T00:00:00Z,26.395000000000003
2015-03-14T00:00:00Z,26.15
2015-03-15T00:00:00Z,26.014999999999997
2015-03-16T00:00:00Z,25.560000000000002
2015-03-17T00:00:00Z,25.265
2015-03-18T00:00:00Z,25.49
2015-03-19T00:00:00Z,25.545000000000005
2015-03-20T00:00:00Z,25.48
2015-03-21T00:00:00Z,25.705000000000005
2015-03-22T00:00:00Z,25.810000000000002
2015-03-23T00:00:00Z,25.22
2015-03-24T00:00:00Z,25.145
2015-03-25T00:00:00Z,25.025000000000002
2015-03-26T00:00:00Z,24.71
2015-03-27T00:00:00Z,24.595000000000002
2015-03-28T00:00:00Z,24.164999999999996
2015-03-29T00:00:00Z,24.770000000000003
2015-03-30T00:00:00Z,23.965
2015-03-31T00:00:00Z,23.95
2015-04-01T00:00:00Z,23.98
2015-04-02T00:00:00Z,24.04
2015-04-03T00:00:00Z,24.145
2015-04-04T00:00:00Z,24.29
2015-04-05T00:00:00Z,24.36
2015-04-06T00:00:00Z,23.835
2015-04-07T00:00:00Z,23.6
2015-04-08T00:00:00Z,23.400000000000002
2015-04-09T00:00:00Z,23.4
2015-04-10T00:00:00Z,23.435000000000002
2015-04-11T00:00:00Z,23.57
2015-04-12T00:00:00Z,23.825
2015-04-13T00:00:00Z,23.64
2015-04-14T00:00:00Z,23.705000000000002
2015-04-15T00:00:00Z,23.814999999999998
2015-04-16T00:00:00Z,23.925
2015-04-17T00:00:00Z,24.035
2015-04-18T00:00:00Z,23.96
2015-04-19T00:00:00Z,23.659999999999997
2015-04-20T00:00:00Z,23.659999999999997
2015-04-21T00:00:00Z,24.009999999999998
2015-04-22T00:00:00Z,24.065
2015-04-23T00:00:00Z,23.85
2015-04-24T00:00:00Z,23.73
2015-04-25T00:00:00Z,23.680000000000003
2015-04-26T00:00:00Z,23.285
2015-04-27T00:00:00Z,23.1
2015-04-28T00:00:00Z,22.900000000000002
2015-04-29T00:00:00Z,22.740000000000002
2015-04-30T00:00:00Z,23.075
2015-05-01T00:00:00Z,23.095000000000002
2015-05-02T00:00:00Z,22.849999999999998
2015-05-03T00:00:00Z,22.675
2015-05-04T00:00:00Z,22.564999999999998
2015-05-05T00:00:00Z,22.63
2015-05-06T00:00:00Z,22.5
2015-05-07T00:00:00Z,22.540000000000003
2015-05-08T00:00:00Z,22.4
2015-05-09T00:00:00Z,22.215
2015-05-10T00:00:00Z,22.105
2015-05-11T00:00:00Z,21.895
2015-05-12T00:00:00Z,22.055000000000003
2015-05-13T00:00:00Z,22.285000000000004
2015-05-14T00:00:00Z,22.3
2015-05-15T00:00:00Z,22.23
2015-05-16T00:00:00Z,22.07
2015-05-17T00:00:00Z,22.07
2015-05-18T00:00:00Z,22.169999999999998
2015-05-19T00:00:00Z,22.27
2015-05-20T00:00:00Z,22.375
2015-05-21T00:00:00Z,22.45
2015-05-22T00:00:00Z,22.5
2015-05-23T00:00:00Z,22.669999999999998
2015-05-24T00:00:00Z,22.72
2015-05-25T00:00:00Z,22.835
2015-05-26T00:00:00Z,22.915000000000003
2015-05-27T00:00:00Z,22.765
2015-05-28T00:00:00Z,22.405
2015-05-29T00:00:00Z,22.28
2015-05-30T00:00:00Z,22.045
2015-05-31T00:00:00Z,21.470000000000002
2015-06-01T00:00:00Z,21.56
2015-06-02T00:00:00Z,21.795
2015-06-03T00:00:00Z,21.930000000000003
2015-06-04T00:00:00Z,21.939999999999998
2015-06-05T00:00:00Z,21.8
2015-06-06T00:00:00Z,21.715
2015-06-07T00:00:00Z,21.89
2015-06-08T00:00:00Z,21.86
2015-06-09T00:00:00Z,21.945
2015-06-10T00:00:00Z,21.950000000000003
2015-06-11T00:00:00Z,22.015
2015-06-12T00:00:00Z,21.97
2015-06-13T00:00:00Z,21.935
2015-06-14T00:00:00Z,20.660000000000004
2015-06-15T00:00:00Z,20.455000000000002
2015-06-16T00:00:00Z,20.19
2015-06-17T00:00:00Z,19.970000000000002
2015-06-18T00:00:00Z,19.715
2015-06-19T00:00:00Z,19.66
2015-06-20T00:00:00Z,19.5
2015-06-21T00:00:00Z,19.37
2015-06-22T00:00:00Z,19.38
2015-06-23T00:00:00Z,19.095
2015-06-24T00:00:00Z,19.01
2015-06-25T00:00:00Z,19.110000000000003
2015-06-26T00:00:00Z,18.745
2015-06-27T00:00:00Z,18.605
2015-06-28T00:00:00Z,18.814999999999998
2015-06-29T00:00:00Z,18.930000000000003
2015-06-30T00:00:00Z,19.195
2015-07-01T00:00:00Z,19.3
2015-07-02T00:00:00Z,19.055000000000003
2015-07-03T00:00:00Z,19.134999999999998
2015-07-04T00:00:00Z,18.89
2015-07-05T00:00:00Z,18.515
2015-07-06T00:00:00Z,18.369999999999997
2015-07-07T00:00:00Z,18.615
2015-07-08T00:00:00Z,18.89
2015-07-09T00:00:00Z,18.785
2015-07-10T00:00:00Z,18.55
2015-07-11T00:00:00Z,18.48
2015-07-12T00:00:00Z,18.384999999999998
2015-07-13T00:00:00Z,18.584999999999997
2015-07-14T00:00:00Z,18.634999999999998
2015-07-15T00:00:00Z,18.610000000000003
2015-07-16T00:00:00Z,18.64
2015-07-17T00:00:00Z,18.08
2015-07-18T00:00:00Z,18.23
2015-07-19T00:00:00Z,18.165000000000003
2015-07-20T00:00:00Z,18.185
2015-07-21T00:00:00Z,18.2
2015-07-22T00:00:00Z,18.08
2015-07-23T00:00:00Z,18.03
2015-07-24T00:00:00Z,17.8
2015-07-25T00:00:00Z,17.640000000000004
2015-07-26T00:00:00Z,17.9
2015-07-27T00:00:00Z,17.869999999999997
2015-07-28T00:00:00Z,18.12
2015-07-29T00:00:00Z,18.415
2015-07-30T00:00:00Z,18.83
2015-07-31T00:00:00Z,19.035
2015-08-01T00:00:00Z,19.295
2015-08-02T00:00:00Z,19.495000000000005
2015-08-03T00:00:00Z,19.715
2015-08-04T00:00:00Z,19.705
2015-08-05T00:00:00Z,19.875
2015-08-06T00:00:00Z,19.665000000000003
2015-08-07T00:00:00Z,19.595
2015-08-08T00:00:00Z,19.520000000000003
2015-08-09T00:00:00Z,19.650000000000002
2015-08-10T00:00:00Z,20.115
2015-08-11T00:00:00Z,20.615
2015-08-12T00:00:00Z,20.575
2015-08-13T00:00:00Z,20.630000000000003
2015-08-14T00:00:00Z,20.639999999999997
2015-08-15T00:00:00Z,20.6
2015-08-16T00:00:00Z,20.450000000000003
2015-08-17T00:00:00Z,20.165
2015-08-18T00:00:00Z,20.29
2015-08-19T00:00:00Z,20.814999999999998
2015-08-20T00:00:00Z,21.060000000000002
2015-08-21T00:00:00Z,20.62
2015-08-22T00:00:00Z,20.025000000000002
2015-08-23T00:00:00Z,20.0
2015-08-24T00:00:00Z,19.835
2015-08-25T00:00:00Z,20.1
2015-08-26T00:00:00Z,20.650000000000002
2015-08-27T00:00:00Z,20.474999999999998
2015-08-28T00:00:00Z,20.285
2015-08-29T00:00:00Z,20.17
2015-08-30T00:00:00Z,19.94
2015-08-31T00:00:00Z,19.950000000000003
2015-09-01T00:00:00Z,19.935
2015-09-02T00:00:00Z,19.945
2015-09-03T00:00:00Z,19.4
2015-09-04T00:00:00Z,19.365
2015-09-05T00:00:00Z,19.45
2015-09-06T00:00:00Z,19.580000000000002
2015-09-07T00:00:00Z,19.65
2015-09-08T00:00:00Z,19.419999999999998
2015-09-09T00:00:00Z,19.265
2015-09-10T00:00:00Z,19.295000000000005
2015-09-11T00:00:00Z,19.455000000000002
2015-09-12T00:00:00Z,19.205000000000002
2015-09-13T00:00:00Z,18.855000000000004
2015-09-14T00:00:00Z,18.645
2015-09-15T00:00:00Z,18.555
2015-09-16T00:00:00Z,18.515
2015-09-17T00:00:00Z,18.634999999999998
2015-09-18T00:00:00Z,19.025000000000002
2015-09-19T00:00:00Z,18.900000000000002
2015-09-20T00:00:00Z,19.055000000000003
2015-09-21T00:00:00Z,19.075
2015-09-22T00:00:00Z,18.865
2015-09-23T00:00:00Z,18.655
2015-09-24T00:00:00Z,18.63
2015-09-25T00:00:00Z,19.025000000000002
2015-09-26T00:00:00Z,19.155
2015-09-27T00:00:00Z,18.44
2015-09-28T00:00:00Z,18.33
2015-09-29T00:00:00Z,18.55
2015-09-30T00:00:00Z,18.8
2015-10-01T00:00:00Z,19.134999999999998
2015-10-02T00:00:00Z,19.169999999999998
2015-10-03T00:00:00Z,19.165000000000003
2015-10-04T00:00:00Z,18.955
2015-10-05T00:00:00Z,18.810000000000002
2015-10-06T00:00:00Z,18.575
2015-10-07T00:00:00Z,18.23
2015-10-08T00:00:00Z,18.3
2015-10-09T00:00:00Z,18.465
2015-10-10T00:00:00Z,18.495
2015-10-11T00:00:00Z,18.6
2015-10-12T00:00:00Z,18.825
2015-10-13T00:00:00Z,18.955000000000002
2015-10-14T00:00:00Z,19.085000000000004
2015-10-15T00:00:00Z,19.259999999999998
2015-10-16T00:00:00Z,19.474999999999998
2015-10-17T00:00:00Z,19.485
2015-10-18T00:00:00Z,19.37
2015-10-19T00:00:00Z,19.395
2015-10-20T00:00:00Z,19.549999999999997
2015-10-21T00:00:00Z,19.69
2015-10-22T00:00:00Z,19.825
2015-10-23T00:00:00Z,20.400000000000002
2015-10-24T00:00:00Z,20.495
2015-10-25T00:00:00Z,20.405
2015-10-26T00:00:00Z,20.325
2015-10-27T00:00:00Z,20.335
2015-10-28T00:00:00Z,20.465
2015-10-29T00:00:00Z,20.755000000000003
2015-10-30T00:00:00Z,20.9
2015-10-31T00:00:00Z,21.13
2015-11-01T00:00:00Z,21.26
2015-11-02T00:00:00Z,21.26
2015-11-03T00:00:00Z,21.080000000000002
2015-11-04T00:00:00Z,20.795
2015-11-05T00:00:00Z,20.61
2015-11-06T00:00:00Z,21.03
2015-11-07T00:00:00Z,21.035
2015-11-08T00:00:00Z,21.03
2015-11-09T00:00:00Z,21.105
2015-11-10T00:00:00Z,21.26
2015-11-11T00:00:00Z,21.67
2015-11-12T00:00:00Z,21.82
2015-11-13T00:00:00Z,22.43
2015-11-14T00:00:00Z,22.455000000000002
2015-11-15T00:00:00Z,22.185
2015-11-16T00:00:00Z,22.225
2015-11-17T00:00:00Z,22.25
2015-11-18T00:00:00Z,21.89
2015-11-19T00:00:00Z,21.945
2015-11-20T00:00:00Z,21.945
2015-11-21T00:00:00Z,21.995
2015-11-22T00:00:00Z,21.975
2015-11-23T00:00:00Z,21.945
2015-11-24T00:00:00Z,22.07
2015-11-25T00:00:00Z,22.205000000000002
2015-11-26T00:00:00Z,22.470000000000002
2015-11-27T00:00:00Z,22.52
2015-11-28T00:00:00Z,22.53
2015-11-29T00:00:00Z,22.419999999999998
2015-11-30T00:00:00Z,22.425
2015-12-01T00:00:00Z,22.455000000000002
2015-12-02T00:00:00Z,22.62
2015-12-03T00:00:00Z,22.69
2015-12-04T00:00:00Z,22.825
2015-12-05T00:00:00Z,22.885
2015-12-06T00:00:00Z,22.560000000000002
2015-12-07T00:00:00Z,22.314999999999998
2015-12-08T00:00:00Z,22.46
2015-12-09T00:00:00Z,22.715000000000003
2015-12-10T00:00:00Z,22.580000000000002
2015-12-11T00:00:00Z,22.31
2015-12-12T00:00:00Z,22.355
2015-12-13T00:00:00Z,23.330000000000002
2015-12-14T00:00:00Z,23.53
2015-12-15T00:00:00Z,23.735
2015-12-16T00:00:00Z,23.695
2015-12-17T00:00:00Z,23.875
2015-12-18T00:00:00Z,24.175
2015-12-19T00:00:00Z,24.605
2015-12-20T00:00:00Z,24.525
2015-12-21T00:00:00Z,24.565
2015-12-22T00:00:00Z,24.61
2015-12-23T00:00:00Z,24.599999999999998
2015-12-24T00:00:00Z,24.51
2015-12-25T00:00:00Z,25.225
2015-12-26T00:00:00Z,25.31
2015-12-27T00:00:00Z,25.425
2015-12-28T00:00:00Z,25.7
2015-12-29T00:00:00Z,25.735000000000003
2015-12-30T00:00:00Z,25.78
2015-12-31T00:00:00Z,25.860000000000003
2016-01-01T00:00:00Z,25.55
2016-01-02T00:00:00Z,25.670000000000005
2016-01-03T00:00:00Z,26.035
2016-01-04T00:00:00Z,26.295
2016-01-05T00:00:00Z,26.395000000000003
2016-01-06T00:00:00Z,26.214999999999996
2016-01-07T00:00:00Z,26.095000000000002
2016-01-08T00:00:00Z,26.080000000000002
2016-01-09T00:00:00Z,25.71
2016-01-10T00:00:00Z,24.785
2016-01-11T00:00:00Z,25.000000000000004
2016-01-12T00:00:00Z,25.94
2016-01-13T00:00:00Z,26.224999999999998
2016-01-14T00:00:00Z,26.315
2016-01-15T00:00:00Z,26.8
2016-01-16T00:00:00Z,26.905
2016-01-17T00:00:00Z,26.680000000000003
2016-01-18T00:00:00Z,26.33
2016-01-19T00:00:00Z,26.465
2016-01-20T00:00:00Z,26.415
2016-01-21T00:00:00Z,26.59
2016-01-22T00:00:00Z,26.165000000000003
2016-01-23T00:00:00Z,25.939999999999998
2016-01-24T00:00:00Z,26.185
2016-01-25T00:00:00Z,25.41
2016-01-26T00:00:00Z,26.040000000000003
2016-01-27T00:00:00Z,26.270000000000003
2016-01-28T00:00:00Z,26.17
2016-01-29T00:00:00Z,26.205
2016-01-30T00:00:00Z,26.264999999999997
2016-01-31T00:00:00Z,26.305000000000003
2016-02-01T00:00:00Z,26.285
2016-02-02T00:00:00Z,26.35
2016-02-03T00:00:00Z,26.470000000000002
2016-02-04T00:00:00Z,25.655
2016-02-05T00:00:00Z,25.030000000000005
2016-02-06T00:00:00Z,25.389999999999997
2016-02-07T00:00:00Z,25.735000000000003
2016-02-08T00:00:00Z,25.980000000000004
2016-02-09T00:00:00Z,26.17
2016-02-10T00:00:00Z,26.535
2016-02-11T00:00:00Z,26.825000000000003
2016-02-12T00:00:00Z,27.034999999999997
2016-02-13T00:00:00Z,27.155
2016-02-14T00:00:00Z,26.965
2016-02-15T00:00:00Z,26.74
2016-02-16T00:00:00Z,25.535000000000004
2016-02-17T00:00:00Z,25.185
2016-02-18T00:00:00Z,25.7
2016-02-19T00:00:00Z,26.480000000000004
2016-02-20T00:00:00Z,27.319999999999997
2016-02-21T00:00:00Z,27.07
2016-02-22T00:00:00Z,26.435
2016-02-23T00:00:00Z,26.78
2016-02-24T00:00:00Z,26.685000000000006
2016-02-25T00:00:00Z,26.424999999999997
2016-02-26T00:00:00Z,26.649999999999995
2016-02-27T00:00:00Z,26.945
2016-02-28T00:00:00Z,26.79
2016-02-29T00:00:00Z,26.705000000000002
2016-03-01T00:00:00Z,26.655000000000005
2016-03-02T00:00:00Z,26.695
2016-03-03T00:00:00Z,25.705000000000002
2016-03-04T00:00:00Z,24.725
2016-03-05T00:00:00Z,24.824999999999996
2016-03-06T00:00:00Z,25.235
2016-03-07T00:00:00Z,25.295
2016-03-08T00:00:00Z,25.795000000000005
2016-03-09T00:00:00Z,26.124999999999996
2016-03-10T00:00:00Z,26.220000000000002
2016-03-11T00:00:00Z,25.86
2016-03-12T00:00:00Z,25.7
2016-03-13T00:00:00Z,25.330000000000002
2016-03-14T00:00:00Z,25.22
2016-03-15T00:00:00Z,25.215000000000003
2016-03-16T00:00:00Z,25.400000000000002
2016-03-17T00:00:00Z,25.63
2016-03-18T00:00:00Z,25.705000000000002
2016-03-19T00:00:00Z,25.77
2016-03-20T00:00:00Z,25.65
2016-03-21T00:00:00Z,25.165
2016-03-22T00:00:00Z,24.830000000000002
2016-03-23T00:00:00Z,24.565
2016-03-24T00:00:00Z,24.325
2016-03-25T00:00:00Z,24.38
2016-03-26T00:00:00Z,24.855
2016-03-27T00:00:00Z,25.12
2016-03-28T00:00:00Z,25.085
2016-03-29T00:00:00Z,25.17
2016-03-30T00:00:00Z,25.14
2016-03-31T00:00:00Z,25.175
2016-04-01T00:00:00Z,25.315
2016-04-02T00:00:00Z,25.825
2016-04-03T00:00:00Z,26.404999999999998
2016-04-04T00:00:00Z,26.295
2016-04-05T00:00:00Z,25.875
2016-04-06T00:00:00Z,25.889999999999997
2016-04-07T00:00:00Z,25.870000000000005
2016-04-08T00:00:00Z,25.820000000000004
2016-04-09T00:00:00Z,25.815
2016-04-10T00:00:00Z,25.889999999999997
2016-04-11T00:00:00Z,25.924999999999997
2016-04-12T00:00:00Z,25.685000000000002
2016-04-13T00:00:00Z,25.595000000000006
2016-04-14T00:00:00Z,26.42
2016-04-15T00:00:00Z,26.470000000000002
2016-04-16T00:00:00Z,26.290000000000003
2016-04-17T00:00:00Z,26.15
2016-04-18T00:00:00Z,26.12
2016-04-19T00:00:00Z,25.484999999999996
2016-04-20T00:00:00Z,25.914999999999996
2016-04-21T00:00:00Z,25.36
2016-04-22T00:00:00Z,25.385
2016-04-23T00:00:00Z,24.255
2016-04-24T00:00:00Z,25.63
2016-04-25T00:00:00Z,26.130000000000006
2016-04-26T00:00:00Z,26.264999999999997
2016-04-27T00:00:00Z,26.095000000000002
2016-04-28T00:00:00Z,23.625
2016-04-29T00:00:00Z,23.655
2016-04-30T00:00:00Z,23.740000000000002
2016-05-01T00:00:00Z,22.705
2016-05-02T00:00:00Z,22.0
2016-05-03T00:00:00Z,22.12
2016-05-04T00:00:00Z,20.835
2016-05-05T00:00:00Z,21.105
2016-05-06T00:00:00Z,21.21
2016-05-07T00:00:00Z,21.62
2016-05-08T00:00:00Z,20.029999999999998
2016-05-09T00:00:00Z,20.015
2016-05-10T00:00:00Z,20.175
2016-05-11T00:00:00Z,19.785
2016-05-12T00:00:00Z,20.17
2016-05-13T00:00:00Z,19.160000000000004
2016-05-14T00:00:00Z,18.490000000000002
2016-05-15T00:00:00Z,18.625000000000004
2016-05-16T00:00:00Z,18.395000000000003
2016-05-17T00:00:00Z,18.625000000000004
2016-05-18T00:00:00Z,18.020000000000003
2016-05-19T00:00:00Z,16.795
2016-05-20T00:00:00Z,17.6
2016-05-21T00:00:00Z,16.38
2016-05-22T00:00:00Z,17.07
2016-05-23T00:00:00Z,16.955
2016-05-24T00:00:00Z,16.529999999999998
2016-05-25T00:00:00Z,16.290000000000003
2016-05-26T00:00:00Z,15.609999999999998
2016-05-27T00:00:00Z,15.684999999999997
2016-05-28T00:00:00Z,16.255
2016-05-29T00:00:00Z,16.405
2016-05-30T00:00:00Z,17.330000000000002
2016-05-31T00:00:00Z,16.705
2016-06-01T00:00:00Z,17.7
2016-06-02T00:00:00Z,17.529999999999998
2016-06-03T00:00:00Z,19.265000000000004
2016-06-04T00:00:00Z,19.05
2016-06-05T00:00:00Z,18.805000000000003
2016-06-06T00:00:00Z,17.905
2016-06-07T00:00:00Z,17.775
2016-06-08T00:00:00Z,17.585
2016-06-09T00:00:00Z,17.28
2016-06-10T00:00:00Z,16.115
2016-06-11T00:00:00Z,16.125
2016-06-12T00:00:00Z,15.125
2016-06-13T00:00:00Z,15.035
2016-06-14T00:00:00Z,14.395000000000001
2016-06-15T00:00:00Z,14.6
2016-06-16T00:00:00Z,15.145000000000001
2016-06-17T00:00:00Z,15.284999999999998
2016-06-18T00:00:00Z,14.815
2016-06-19T00:00:00Z,15.925
2016-06-20T00:00:00Z,14.8
2016-06-21T00:00:00Z,14.45
2016-06-22T00:00:00Z,14.72
2016-06-23T00:00:00Z,13.784999999999998
2016-06-24T00:00:00Z,14.685
2016-06-25T00:00:00Z,14.15
2016-06-26T00:00:00Z,15.505
2016-06-27T00:00:00Z,16.369999999999997
2016-06-28T00:00:00Z,16.275
2016-06-29T00:00:00Z,16.555
2016-06-30T00:00:00Z,15.145000000000001
2016-07-01T00:00:00Z,16.63
2016-07-02T00:00:00Z,16.895000000000003
2016-07-03T00:00:00Z,17.37
2016-07-04T00:00:00Z,17.445
2016-07-05T00:00:00Z,17.405
2016-07-06T00:00:00Z,17.92
2016-07-07T00:00:00Z,18.165000000000003
2016-07-08T00:00:00Z,17.965000000000003
2016-07-09T00:00:00Z,18.335
2016-07-10T00:00:00Z,18.655
2016-07-11T00:00:00Z,18.72
2016-07-12T00:00:00Z,19.080000000000002
2016-07-13T00:00:00Z,19.040000000000003
2016-07-14T00:00:00Z,18.295
2016-07-15T00:00:00Z,17.715000000000003
2016-07-16T00:00:00Z,18.060000000000002
2016-07-17T00:00:00Z,17.959999999999997
2016-07-18T00:00:00Z,17.245
2016-07-19T00:00:00Z,16.895000000000003
2016-07-20T00:00:00Z,16.815
2016-07-21T00:00:00Z,16.47
2016-07-22T00:00:00Z,16.285
2016-07-23T00:00:00Z,16.355
2016-07-24T00:00:00Z,16.435000000000002
2016-07-25T00:00:00Z,16.565
2016-07-26T00:00:00Z,16.654999999999998
2016-07-27T00:00:00Z,16.63
2016-07-28T00:00:00Z,16.415000000000003
2016-07-29T00:00:00Z,16.275
2016-07-30T00:00:00Z,16.529999999999998
2016-07-31T00:00:00Z,16.94
2016-08-01T00:00:00Z,17.21
2016-08-02T00:00:00Z,17.415000000000003
2016-08-03T00:00:00Z,17.580000000000002
2016-08-04T00:00:00Z,17.560000000000002
2016-08-05T00:00:00Z,17.485000000000003
2016-08-06T00:00:00Z,17.475
2016-08-07T00:00:00Z,17.645000000000003
2016-08-08T00:00:00Z,17.54
2016-08-09T00:00:00Z,17.134999999999998
2016-08-10T00:00:00Z,16.86
2016-08-11T00:00:00Z,16.519999999999996
2016-08-12T00:00:00Z,16.435000000000002
2016-08-13T00:00:00Z,16.314999999999998
2016-08-14T00:00:00Z,16.325
2016-08-15T00:00:00Z,16.33
2016-08-16T00:00:00Z,16.400000000000002
2016-08-17T00:00:00Z,16.41
2016-08-18T00:00:00Z,16.060000000000002
2016-08-19T00:00:00Z,15.99
2016-08-20T00:00:00Z,16.194999999999997
2016-08-21T00:00:00Z,16.33
2016-08-22T00:00:00Z,16.405
2016-08-23T00:00:00Z,16.285
2016-08-24T00:00:00Z,16.349999999999998
2016-08-25T00:00:00Z,16.56
2016-08-26T00:00:00Z,16.885
2016-08-27T00:00:00Z,16.995
2016-08-28T00:00:00Z,17.0
2016-08-29T00:00:00Z,17.224999999999998
2016-08-30T00:00:00Z,17.619999999999997
2016-08-31T00:00:00Z,18.285
2016-09-01T00:00:00Z,18.295
2016-09-02T00:00:00Z,18.44
2016-09-03T00:00:00Z,18.515
2016-09-04T00:00:00Z,18.040000000000003
2016-09-05T00:00:00Z,17.790000000000003
2016-09-06T00:00:00Z,17.755
2016-09-07T00:00:00Z,17.775000000000002
2016-09-08T00:00:00Z,17.990000000000002
2016-09-09T00:00:00Z,18.265
2016-09-10T00:00:00Z,18.34
2016-09-11T00:00:00Z,18.395000000000003
2016-09-12T00:00:00Z,18.48
2016-09-13T00:00:00Z,18.515
2016-09-14T00:00:00Z,18.545
2016-09-15T00:00:00Z,18.59
2016-09-16T00:00:00Z,18.23
2016-09-17T00:00:00Z,17.875
2016-09-18T00:00:00Z,18.0
2016-09-19T00:00:00Z,18.05
2016-09-20T00:00:00Z,17.819999999999997
2016-09-21T00:00:00Z,17.445
2016-09-22T00:00:00Z,17.02
2016-09-23T00:00:00Z,17.400000000000002
2016-09-24T00:00:00Z,17.275000000000002
2016-09-25T00:00:00Z,16.779999999999998
2016-09-26T00:00:00Z,16.405
2016-09-27T00:00:00Z,16.61
2016-09-28T00:00:00Z,16.955
2016-09-29T00:00:00Z,17.335
2016-09-30T00:00:00Z,17.94
2016-10-01T00:00:00Z,18.044999999999998
2016-10-02T00:00:00Z,17.965000000000003
2016-10-03T00:00:00Z,17.89
2016-10-04T00:00:00Z,17.135
2016-10-05T00:00:00Z,16.825
2016-10-06T00:00:00Z,16.81
2016-10-07T00:00:00Z,17.78
2016-10-08T00:00:00Z,18.395000000000003
2016-10-09T00:00:00Z,18.4
2016-10-10T00:00:00Z,18.345000000000002
2016-10-11T00:00:00Z,18.36
2016-10-12T00:00:00Z,18.55
2016-10-13T00:00:00Z,19.51
2016-10-14T00:00:00Z,19.835
2016-10-15T00:00:00Z,19.67
2016-10-16T00:00:00Z,19.605
2016-10-17T00:00:00Z,19.67
2016-10-18T00:00:00Z,19.8
2016-10-19T00:00:00Z,20.045
2016-10-20T00:00:00Z,20.14
2016-10-21T00:00:00Z,20.310000000000002
2016-10-22T00:00:00Z,20.425
2016-10-23T00:00:00Z,20.314999999999998
2016-10-24T00:00:00Z,20.325000000000003
2016-10-25T00:00:00Z,20.445
2016-10-26T00:00:00Z,20.42
2016-10-27T00:00:00Z,20.94
2016-10-28T00:00:00Z,20.944999999999997
2016-10-29T00:00:00Z,20.56
2016-10-30T00:00:00Z,20.35
2016-10-31T00:00:00Z,20.185
2016-11-01T00:00:00Z,20.794999999999998
2016-11-02T00:00:00Z,21.185000000000002
2016-11-03T00:00:00Z,21.455
2016-11-04T00:00:00Z,21.425
2016-11-05T00:00:00Z,21.515
2016-11-06T00:00:00Z,21.59
2016-11-07T00:00:00Z,22.034999999999997
2016-11-08T00:00:00Z,22.570000000000004
2016-11-09T00:00:00Z,22.755
2016-11-10T00:00:00Z,22.490000000000002
2016-11-11T00:00:00Z,22.555
2016-11-12T00:00:00Z,22.560000000000002
2016-11-13T00:00:00Z,22.225
2016-11-14T00:00:00Z,22.375
2016-11-15T00:00:00Z,22.715000000000003
2016-11-16T00:00:00Z,22.744999999999997
2016-11-17T00:00:00Z,22.875000000000004
2016-11-18T00:00:00Z,22.799999999999997
2016-11-19T00:00:00Z,22.655
2016-11-20T00:00:00Z,22.410000000000004
2016-11-21T00:00:00Z,22.225
2016-11-22T00:00:00Z,22.175
2016-11-23T00:00:00Z,22.055
2016-11-24T00:00:00Z,22.025000000000002
2016-11-25T00:00:00Z,22.08
2016-11-26T00:00:00Z,22.139999999999997
2016-11-27T00:00:00Z,22.145
2016-11-28T00:00:00Z,22.175
2016-11-29T00:00:00Z,22.55
2016-11-30T00:00:00Z,22.54
2016-12-01T00:00:00Z,22.515
2016-12-02T00:00:00Z,22.535
2016-12-03T00:00:00Z,22.560000000000002
2016-12-04T00:00:00Z,22.76
2016-12-05T00:00:00Z,22.805
2016-12-06T00:00:00Z,22.88
2016-12-07T00:00:00Z,22.98
2016-12-08T00:00:00Z,22.885
2016-12-09T00:00:00Z,22.865000000000002
2016-12-10T00:00:00Z,23.095000000000002
2016-12-11T00:00:00Z,23.11
2016-12-12T00:00:00Z,23.375
2016-12-13T00:00:00Z,23.585
2016-12-14T00:00:00Z,23.495
2016-12-15T00:00:00Z,23.34
2016-12-16T00:00:00Z,23.245
2016-12-17T00:00:00Z,23.220000000000002
2016-12-18T00:00:00Z,23.52
2016-12-19T00:00:00Z,23.580000000000002
2016-12-20T00:00:00Z,23.745
2016-12-21T00:00:00Z,24.065000000000005
2016-12-22T00:00:00Z,25.400000000000002
2016-12-23T00:00:00Z,25.564999999999998
2016-12-24T00:00:00Z,25.135000000000005
2016-12-25T00:00:00Z,24.975
2016-12-26T00:00:00Z,25.435000000000002
2016-12-27T00:00:00Z,25.939999999999998
2016-12-28T00:00:00Z,26.045
2016-12-29T00:00:00Z,25.815
2016-12-30T00:00:00Z,25.714999999999996
2016-12-31T00:00:00Z,26.565
2017-01-01T00:00:00Z,27.105
2017-01-02T00:00:00Z,27.014999999999997
2017-01-03T00:00:00Z,26.72
2017-01-04T00:00:00Z,26.984999999999996
2017-01-05T00:00:00Z,26.909999999999997
2017-01-06T00:00:00Z,27.175
2017-01-07T00:00:00Z,27.305
2017-01-08T00:00:00Z,26.580000000000002
2017-01-09T00:00:00Z,26.509999999999998
2017-01-10T00:00:00Z,27.225000000000005
2017-01-11T00:00:00Z,26.799999999999997
2017-01-12T00:00:00Z,26.595000000000002
2017-01-13T00:00:00Z,26.535
2017-01-14T00:00:00Z,26.55
2017-01-15T00:00:00Z,27.175
2017-01-16T00:00:00Z,26.895
2017-01-17T00:00:00Z,27.309999999999995
2017-01-18T00:00:00Z,27.300000000000004
2017-01-19T00:00:00Z,27.345
2017-01-20T00:00:00Z,26.630000000000003
2017-01-21T00:00:00Z,26.790000000000006
2017-01-22T00:00:00Z,27.005000000000003
2017-01-23T00:00:00Z,27.465000000000003
2017-01-24T00:00:00Z,27.995
2017-01-25T00:00:00Z,27.915
2017-01-26T00:00:00Z,27.969999999999995
2017-01-27T00:00:00Z,27.659999999999997
2017-01-28T00:00:00Z,27.719999999999995
2017-01-29T00:00:00Z,27.705
2017-01-30T00:00:00Z,27.555
2017-01-31T00:00:00Z,27.550000000000004
2017-02-01T00:00:00Z,28.415
2017-02-02T00:00:00Z,27.22
2017-02-03T00:00:00Z,27.075
2017-02-04T00:00:00Z,27.515
2017-02-05T00:00:00Z,27.645000000000003
2017-02-06T00:00:00Z,28.385000000000005
2017-02-07T00:00:00Z,28.32
2017-02-08T00:00:00Z,27.340000000000003
2017-02-09T00:00:00Z,27.58
2017-02-10T00:00:00Z,26.874999999999996
2017-02-11T00:00:00Z,27.105
2017-02-12T00:00:00Z,27.225
2017-02-13T00:00:00Z,27.365000000000002
2017-02-14T00:00:00Z,27.48
2017-02-15T00:00:00Z,26.440000000000005
2017-02-16T00:00:00Z,26.42
2017-02-17T00:00:00Z,26.345000000000002
2017-02-18T00:00:00Z,27.3
2017-02-19T00:00:00Z,27.334999999999997
2017-02-20T00:00:00Z,27.025000000000002
2017-02-21T00:00:00Z,27.340000000000003
2017-02-22T00:00:00Z,25.765000000000004
2017-02-23T00:00:00Z,26.985000000000003
2017-02-24T00:00:00Z,26.105
2017-02-25T00:00:00Z,24.715
2017-02-26T00:00:00Z,25.645000000000003
2017-02-27T00:00:00Z,26.17
2017-02-28T00:00:00Z,26.270000000000003
2017-03-01T00:00:00Z,26.490000000000002
2017-03-02T00:00:00Z,26.485
2017-03-03T00:00:00Z,26.535
2017-03-04T00:00:00Z,26.605000000000004
2017-03-05T00:00:00Z,26.545
2017-03-06T00:00:00Z,26.500000000000004
2017-03-07T00:00:00Z,26.674999999999997
2017-03-08T00:00:00Z,26.715
2017-03-09T00:00:00Z,26.74
2017-03-10T00:00:00Z,26.755000000000003
2017-03-11T00:00:00Z,26.59
2017-03-12T00:00:00Z,25.945000000000004
2017-03-13T00:00:00Z,25.625
2017-03-14T00:00:00Z,25.585
2017-03-15T00:00:00Z,25.605
2017-03-16T00:00:00Z,25.724999999999998
2017-03-17T00:00:00Z,25.505000000000003
2017-03-18T00:00:00Z,25.245
2017-03-19T00:00:00Z,25.285
2017-03-20T00:00:00Z,25.51
2017-03-21T00:00:00Z,25.48
2017-03-22T00:00:00Z,25.465
2017-03-23T00:00:00Z,25.45
2017-03-24T00:00:00Z,25.54
2017-03-25T00:00:00Z,25.665000000000003
2017-03-26T00:00:00Z,25.714999999999996
2017-03-27T00:00:00Z,25.895000000000003
2017-03-28T00:00:00Z,25.900000000000002
2017-03-29T00:00:00Z,25.775
2017-03-30T00:00:00Z,25.775
2017-03-31T00:00:00Z,25.73
2017-04-01T00:00:00Z,25.79
2017-04-02T00:00:00Z,25.810000000000002
2017-04-03T00:00:00Z,25.680000000000007
2017-04-04T00:00:00Z,25.615
2017-04-05T00:00:00Z,25.685000000000002
2017-04-06T00:00:00Z,25.395000000000003
2017-04-07T00:00:00Z,25.400000000000002
2017-04-08T00:00:00Z,25.45
2017-04-09T00:00:00Z,25.47
2017-04-10T00:00:00Z,25.430000000000003
2017-04-11T00:00:00Z,25.415
2017-04-12T00:00:00Z,25.34
2017-04-13T00:00:00Z,24.91
2017-04-14T00:00:00Z,24.470000000000002
2017-04-15T00:00:00Z,24.175
2017-04-16T00:00:00Z,24.105
2017-04-17T00:00:00Z,23.900000000000002
2017-04-18T00:00:00Z,23.585
2017-04-19T00:00:00Z,23.549999999999997
2017-04-20T00:00:00Z,23.54
2017-04-21T00:00:00Z,23.415
2017-04-22T00:00:00Z,23.385
2017-04-23T00:00:00Z,23.23
2017-04-24T00:00:00Z,23.255000000000003
2017-04-25T00:00:00Z,23.325
2017-04-26T00:00:00Z,22.755
2017-04-27T00:00:00Z,22.580000000000002
2017-04-28T00:00:00Z,22.410000000000004
2017-04-29T00:00:00Z,22.105
2017-04-30T00:00:00Z,21.885000000000005
2017-05-01T00:00:00Z,22.135
2017-05-02T00:00:00Z,22.25
2017-05-03T00:00:00Z,22.410000000000004
2017-05-04T00:00:00Z,22.769999999999996
2017-05-05T00:00:00Z,22.835
2017-05-06T00:00:00Z,22.939999999999998
2017-05-07T00:00:00Z,22.91
2017-05-08T00:00:00Z,22.66
2017-05-09T00:00:00Z,22.555
2017-05-10T00:00:00Z,22.525
2017-05-11T00:00:00Z,22.169999999999998
2017-05-12T00:00:00Z,22.215
2017-05-13T00:00:00Z,22.435
2017-05-14T00:00:00Z,22.439999999999998
2017-05-15T00:00:00Z,22.35
2017-05-16T00:00:00Z,21.85
2017-05-17T00:00:00Z,21.709999999999997
2017-05-18T00:00:00Z,21.56
2017-05-19T00:00:00Z,21.59
2017-05-20T00:00:00Z,21.57
2017-05-21T00:00:00Z,21.985
2017-05-22T00:00:00Z,22.22
2017-05-23T00:00:00Z,22.185
2017-05-24T00:00:00Z,22.04
2017-05-25T00:00:00Z,21.695
2017-05-26T00:00:00Z,21.69
2017-05-27T00:00:00Z,21.939999999999998
2017-05-28T00:00:00Z,21.995
2017-05-29T00:00:00Z,22.04
2017-05-30T00:00:00Z,21.995
2017-05-31T00:00:00Z,21.17
2017-06-01T00:00:00Z,20.675
2017-06-02T00:00:00Z,20.415000000000003
2017-06-03T00:00:00Z,20.585
2017-06-04T00:00:00Z,20.605
2017-06-05T00:00:00Z,20.755000000000003
2017-06-06T00:00:00Z,20.985000000000003
2017-06-07T00:00:00Z,21.11
2017-06-08T00:00:00Z,21.125
2017-06-09T00:00:00Z,20.655
2017-06-10T00:00:00Z,20.3
2017-06-11T00:00:00Z,19.87
2017-06-12T00:00:00Z,19.560000000000002
2017-06-13T00:00:00Z,19.255000000000003
2017-06-14T00:00:00Z,18.895
2017-06-15T00:00:00Z,18.935
2017-06-16T00:00:00Z,19.37
2017-06-17T00:00:00Z,19.675
2017-06-18T00:00:00Z,20.005000000000003
2017-06-19T00:00:00Z,19.89
2017-06-20T00:00:00Z,19.26
2017-06-21T00:00:00Z,18.975
2017-06-22T00:00:00Z,19.145000000000003
2017-06-23T00:00:00Z,19.330000000000002
2017-06-24T00:00:00Z,19.28
2017-06-25T00:00:00Z,19.770000000000003
2017-06-26T00:00:00Z,19.785
2017-06-27T00:00:00Z,19.725
2017-06-28T00:00:00Z,19.53
2017-06-29T00:00:00Z,19.845
2017-06-30T00:00:00Z,19.735
2017-07-01T00:00:00Z,19.325
2017-07-02T00:00:00Z,18.984999999999996
2017-07-03T00:00:00Z,18.735
2017-07-04T00:00:00Z,18.470000000000002
2017-07-05T00:00:00Z,18.845
2017-07-06T00:00:00Z,19.065
2017-07-07T00:00:00Z,19.245
2017-07-08T00:00:00Z,19.355
2017-07-09T00:00:00Z,19.58
2017-07-10T00:00:00Z,19.724999999999998
2017-07-11T00:00:00Z,19.83
2017-07-12T00:00:00Z,19.790000000000003
2017-07-13T00:00:00Z,19.68
2017-07-14T00:00:00Z,19.705
2017-07-15T00:00:00Z,19.805
2017-07-16T00:00:00Z,19.815
2017-07-17T00:00:00Z,19.785
2017-07-18T00:00:00Z,19.465000000000003
2017-07-19T00:00:00Z,19.095
2017-07-20T00:00:00Z,19.025000000000002
2017-07-21T00:00:00Z,19.095
2017-07-22T00:00:00Z,19.08
2017-07-23T00:00:00Z,19.035
2017-07-24T00:00:00Z,19.315
2017-07-25T00:00:00Z,19.67
2017-07-26T00:00:00Z,19.720000000000002
2017-07-27T00:00:00Z,19.655
2017-07-28T00:00:00Z,19.655
2017-07-29T00:00:00Z,19.61
2017-07-30T00:00:00Z,19.625
2017-07-31T00:00:00Z,19.6
2017-08-01T00:00:00Z,20.04
2017-08-02T00:00:00Z,20.24
2017-08-03T00:00:00Z,20.06
2017-08-04T00:00:00Z,19.785
2017-08-05T00:00:00Z,19.67
2017-08-06T00:00:00Z,19.605
2017-08-07T00:00:00Z,19.66
2017-08-08T00:00:00Z,19.78
2017-08-09T00:00:00Z,19.845000000000002
2017-08-10T00:00:00Z,19.84
2017-08-11T00:00:00Z,19.85
2017-08-12T00:00:00Z,19.775
2017-08-13T00:00:00Z,20.25
2017-08-14T00:00:00Z,20.39
2017-08-15T00:00:00Z,20.31
2017-08-16T00:00:00Z,20.150000000000002
2017-08-17T00:00:00Z,20.335
2017-08-18T00:00:00Z,20.43
2017-08-19T00:00:00Z,20.480000000000004
2017-08-20T00:00:00Z,20.115
2017-08-21T00:00:00Z,19.665000000000003
2017-08-22T00:00:00Z,19.240000000000002
2017-08-23T00:00:00Z,18.97
2017-08-24T00:00:00Z,19.235
2017-08-25T00:00:00Z,19.565
2017-08-26T00:00:00Z,19.755
2017-08-27T00:00:00Z,20.029999999999998
2017-08-28T00:00:00Z,20.185
2017-08-29T00:00:00Z,20.35
2017-08-30T00:00:00Z,20.310000000000002
2017-08-31T00:00:00Z,20.275000000000002
2017-09-01T00:00:00Z,20.13
2017-09-02T00:00:00Z,19.885
2017-09-03T00:00:00Z,20.174999999999997
2017-09-04T00:00:00Z,20.3
2017-09-05T00:00:00Z,20.259999999999998
2017-09-06T00:00:00Z,20.205
2017-09-07T00:00:00Z,20.185
2017-09-08T00:00:00Z,20.165
2017-09-09T00:00:00Z,20.2
2017-09-10T00:00:00Z,20.255
2017-09-11T00:00:00Z,20.605
2017-09-12T00:00:00Z,20.625
2017-09-13T00:00:00Z,21.020000000000003
2017-09-14T00:00:00Z,21.705000000000002
2017-09-15T00:00:00Z,21.57
2017-09-16T00:00:00Z,21.34
2017-09-17T00:00:00Z,20.855
2017-09-18T00:00:00Z,20.625
2017-09-19T00:00:00Z,20.695
2017-09-20T00:00:00Z,20.375
2017-09-21T00:00:00Z,19.975
2017-09-22T00:00:00Z,20.275000000000002
2017-09-23T00:00:00Z,20.655
2017-09-24T00:00:00Z,20.495
2017-09-25T00:00:00Z,20.815000000000005
2017-09-26T00:00:00Z,21.005
2017-09-27T00:00:00Z,21.23
2017-09-28T00:00:00Z,21.48
2017-09-29T00:00:00Z,21.355
2017-09-30T00:00:00Z,21.53
2017-10-01T00:00:00Z,21.565
2017-10-02T00:00:00Z,21.435
2017-10-03T00:00:00Z,21.3
2017-10-04T00:00:00Z,21.404999999999998
2017-10-05T00:00:00Z,21.42
2017-10-06T00:00:00Z,21.375
2017-10-07T00:00:00Z,21.255
2017-10-08T00:00:00Z,20.995
2017-10-09T00:00:00Z,20.75
2017-10-10T00:00:00Z,20.82
2017-10-11T00:00:00Z,21.529999999999998
2017-10-12T00:00:00Z,21.455000000000005
2017-10-13T00:00:00Z,21.48
2017-10-14T00:00:00Z,21.16
2017-10-15T00:00:00Z,21.040000000000003
2017-10-16T00:00:00Z,21.235
2017-10-17T00:00:00Z,21.345
2017-10-18T00:00:00Z,21.145
2017-10-19T00:00:00Z,21.035
2017-10-20T00:00:00Z,20.85
2017-10-21T00:00:00Z,20.505000000000003
2017-10-22T00:00:00Z,20.0
2017-10-23T00:00:00Z,19.75
2017-10-24T00:00:00Z,19.564999999999998
2017-10-25T00:00:00Z,19.55
2017-10-26T00:00:00Z,19.83
2017-10-27T00:00:00Z,21.044999999999998
2017-10-28T00:00:00Z,21.3
2017-10-29T00:00:00Z,21.45
2017-10-30T00:00:00Z,21.615000000000002
2017-10-31T00:00:00Z,21.64
2017-11-01T00:00:00Z,21.25
2017-11-02T00:00:00Z,21.3
2017-11-03T00:00:00Z,21.26
2017-11-04T00:00:00Z,21.075
2017-11-05T00:00:00Z,21.145000000000003
2017-11-06T00:00:00Z,21.34
2017-11-07T00:00:00Z,21.525
2017-11-08T00:00:00Z,21.255
2017-11-09T00:00:00Z,21.290000000000003
2017-11-10T00:00:00Z,21.4
2017-11-11T00:00:00Z,21.355
2017-11-12T00:00:00Z,21.585
2017-11-13T00:00:00Z,21.575
2017-11-14T00:00:00Z,21.67
2017-11-15T00:00:00Z,21.84
2017-11-16T00:00:00Z,22.04
2017-11-17T00:00:00Z,22.11
2017-11-18T00:00:00Z,21.939999999999998
2017-11-19T00:00:00Z,21.720000000000002
2017-11-20T00:00:00Z,21.495
2017-11-21T00:00:00Z,21.445
2017-11-22T00:00:00Z,21.475
2017-11-23T00:00:00Z,21.46
2017-11-24T00:00:00Z,21.23
2017-11-25T00:00:00Z,21.075000000000003
2017-11-26T00:00:00Z,21.28
2017-11-27T00:00:00Z,21.805000000000003
2017-11-28T00:00:00Z,22.87
2017-11-29T00:00:00Z,22.935
2017-11-30T00:00:00Z,22.305
2017-12-01T00:00:00Z,22.255000000000003
2017-12-02T00:00:00Z,22.615000000000002
2017-12-03T00:00:00Z,22.485
2017-12-04T00:00:00Z,22.139999999999997
2017-12-05T00:00:00Z,21.845000000000002
2017-12-06T00:00:00Z,21.785
2017-12-07T00:00:00Z,22.380000000000003
2017-12-08T00:00:00Z,22.990000000000002
2017-12-09T00:00:00Z,23.13
2017-12-10T00:00:00Z,23.525000000000002
2017-12-11T00:00:00Z,23.590000000000003
2017-12-12T00:00:00Z,23.115000000000002
2017-12-13T00:00:00Z,23.040000000000003
2017-12-14T00:00:00Z,23.065
2017-12-15T00:00:00Z,23.509999999999998
2017-12-16T00:00:00Z,23.73
2017-12-17T00:00:00Z,23.71
2017-12-18T00:00:00Z,23.7
2017-12-19T00:00:00Z,23.7
2017-12-20T00:00:00Z,23.790000000000003
2017-12-21T00:00:00Z,24.950000000000003
2017-12-22T00:00:00Z,25.04
2017-12-23T00:00:00Z,25.155
2017-12-24T00:00:00Z,25.285
2017-12-25T00:00:00Z,25.14
2017-12-26T00:00:00Z,24.91
2017-12-27T00:00:00Z,24.970000000000002
2017-12-28T00:00:00Z,24.98
2017-12-29T00:00:00Z,24.974999999999998
2017-12-30T00:00:00Z,25.095000000000002
2017-12-31T00:00:00Z,25.17
2018-01-01T00:00:00Z,25.205
2018-01-02T00:00:00Z,25.189999999999998
2018-01-03T00:00:00Z,25.075
2018-01-04T00:00:00Z,25.115
2018-01-05T00:00:00Z,25.150000000000002
2018-01-06T00:00:00Z,25.230000000000004
2018-01-07T00:00:00Z,24.915
2018-01-08T00:00:00Z,25.04
2018-01-09T00:00:00Z,25.14
2018-01-10T00:00:00Z,25.160000000000004
2018-01-11T00:00:00Z,24.685
2018-01-12T00:00:00Z,24.490000000000002
2018-01-13T00:00:00Z,25.035
2018-01-14T00:00:00Z,25.555
2018-01-15T00:00:00Z,25.6
2018-01-16T00:00:00Z,25.02
2018-01-17T00:00:00Z,25.419999999999998
2018-01-18T00:00:00Z,26.025
2018-01-19T00:00:00Z,25.990000000000002
2018-01-20T00:00:00Z,25.955000000000005
2018-01-21T00:00:00Z,25.945000000000004
2018-01-22T00:00:00Z,26.42
2018-01-23T00:00:00Z,26.724999999999994
2018-01-24T00:00:00Z,26.795
2018-01-25T00:00:00Z,26.69
2018-01-26T00:00:00Z,26.46
2018-01-27T00:00:00Z,26.465
2018-01-28T00:00:00Z,26.480000000000004
2018-01-29T00:00:00Z,25.849999999999998
2018-01-30T00:00:00Z,25.71
2018-01-31T00:00:00Z,25.735000000000003
2018-02-01T00:00:00Z,25.889999999999997
2018-02-02T00:00:00Z,25.810000000000002
2018-02-03T00:00:00Z,25.805
2018-02-04T00:00:00Z,25.575
2018-02-05T00:00:00Z,25.554999999999996
2018-02-06T00:00:00Z,25.675
2018-02-07T00:00:00Z,25.73
2018-02-08T00:00:00Z,25.63
2018-02-09T00:00:00Z,25.91
2018-02-10T00:00:00Z,26.16
2018-02-11T00:00:00Z,26.315
2018-02-12T00:00:00Z,25.78
2018-02-13T00:00:00Z,25.435000000000002
2018-02-14T00:00:00Z,25.385
2018-02-15T00:00:00Z,25.465000000000003
2018-02-16T00:00:00Z,25.48
2018-02-17T00:00:00Z,25.33
2018-02-18T00:00:00Z,25.055
2018-02-19T00:00:00Z,25.045
2018-02-20T00:00:00Z,25.595000000000006
2018-02-21T00:00:00Z,25.68
2018-02-22T00:00:00Z,25.865000000000002
2018-02-23T00:00:00Z,25.805
2018-02-24T00:00:00Z,26.0
2018-02-25T00:00:00Z,26.115000000000002
2018-02-26T00:00:00Z,26.270000000000003
2018-02-27T00:00:00Z,26.675
2018-02-28T00:00:00Z,26.67
2018-03-01T00:00:00Z,26.490000000000002
2018-03-02T00:00:00Z,26.384999999999998
2018-03-03T00:00:00Z,26.305000000000003
2018-03-04T00:00:00Z,26.245
2018-03-05T00:00:00Z,26.345000000000002
2018-03-06T00:00:00Z,26.745
2018-03-07T00:00:00Z,26.730000000000004
2018-03-08T00:00:00Z,25.754999999999995
2018-03-09T00:00:00Z,25.8
2018-03-10T00:00:00Z,25.745000000000005
2018-03-11T00:00:00Z,25.795000000000005
2018-03-12T00:00:00Z,26.025000000000006
2018-03-13T00:00:00Z,25.330000000000002
2018-03-14T00:00:00Z,25.16
2018-03-15T00:00:00Z,25.055000000000003
2018-03-16T00:00:00Z,24.81
2018-03-17T00:00:00Z,24.725
2018-03-18T00:00:00Z,24.89
2018-03-19T00:00:00Z,24.925
2018-03-20T00:00:00Z,25.245
2018-03-21T00:00:00Z,25.305
2018-03-22T00:00:00Z,25.180000000000003
2018-03-23T00:00:00Z,25.035
2018-03-24T00:00:00Z,25.205000000000002
2018-03-25T00:00:00Z,25.215000000000003
2018-03-26T00:00:00Z,25.24
2018-03-27T00:00:00Z,25.245
2018-03-28T00:00:00Z,25.285
2018-03-29T00:00:00Z,25.095000000000002
2018-03-30T00:00:00Z,24.900000000000002
2018-03-31T00:00:00Z,24.925
2018-04-01T00:00:00Z,25.13
2018-04-02T00:00:00Z,25.334999999999997
2018-04-03T00:00:00Z,25.314999999999998
2018-04-04T00:00:00Z,25.159999999999997
2018-04-05T00:00:00Z,25.09
2018-04-06T00:00:00Z,25.1
2018-04-07T00:00:00Z,25.11
2018-04-08T00:00:00Z,25.285
2018-04-09T00:00:00Z,25.48
2018-04-10T00:00:00Z,25.620000000000005
2018-04-11T00:00:00Z,25.65
2018-04-12T00:00:00Z,25.535000000000004
2018-04-13T00:00:00Z,25.625
2018-04-14T00:00:00Z,25.714999999999996
2018-04-15T00:00:00Z,24.935
2018-04-16T00:00:00Z,24.865000000000002
2018-04-17T00:00:00Z,24.700000000000003
2018-04-18T00:00:00Z,24.740000000000002
2018-04-19T00:00:00Z,25.14
2018-04-20T00:00:00Z,25.365
2018-04-21T00:00:00Z,25.305000000000003
2018-04-22T00:00:00Z,25.215
2018-04-23T00:00:00Z,25.150000000000002
2018-04-24T00:00:00Z,25.165
2018-04-25T00:00:00Z,25.065
2018-04-26T00:00:00Z,24.73
2018-04-27T00:00:00Z,24.724999999999998
2018-04-28T00:00:00Z,25.085
2018-04-29T00:00:00Z,25.24
2018-04-30T00:00:00Z,25.04
2018-05-01T00:00:00Z,25.260000000000005
2018-05-02T00:00:00Z,25.3
2018-05-03T00:00:00Z,24.765
2018-05-04T00:00:00Z,24.5
2018-05-05T00:00:00Z,24.65
2018-05-06T00:00:00Z,24.860000000000003
2018-05-07T00:00:00Z,24.925
2018-05-08T00:00:00Z,24.645000000000003
2018-05-09T00:00:00Z,24.654999999999998
2018-05-10T00:00:00Z,24.19
2018-05-11T00:00:00Z,24.19
2018-05-12T00:00:00Z,24.365000000000002
2018-05-13T00:00:00Z,24.305
2018-05-14T00:00:00Z,24.02
2018-05-15T00:00:00Z,23.38
2018-05-16T00:00:00Z,23.334999999999997
2018-05-17T00:00:00Z,23.165
2018-05-18T00:00:00Z,23.255000000000003
2018-05-19T00:00:00Z,22.694999999999997
2018-05-20T00:00:00Z,22.525
2018-05-21T00:00:00Z,22.45
2018-05-22T00:00:00Z,22.375000000000004
2018-05-23T00:00:00Z,22.279999999999998
2018-05-24T00:00:00Z,22.234999999999996
2018-05-25T00:00:00Z,22.165000000000003
2018-05-26T00:00:00Z,22.155
2018-05-27T00:00:00Z,22.055
2018-05-28T00:00:00Z,22.015
2018-05-29T00:00:00Z,22.064999999999998
2018-05-30T00:00:00Z,21.98
2018-05-31T00:00:00Z,21.82
2018-06-01T00:00:00Z,21.965000000000003
2018-06-02T00:00:00Z,22.045
2018-06-03T00:00:00Z,21.925
2018-06-04T00:00:00Z,21.485
2018-06-05T00:00:00Z,21.080000000000002
2018-06-06T00:00:00Z,20.905
2018-06-07T00:00:00Z,20.645
2018-06-08T00:00:00Z,20.35
2018-06-09T00:00:00Z,20.28
2018-06-10T00:00:00Z,20.355
2018-06-11T00:00:00Z,20.7
2018-06-12T00:00:00Z,20.57
2018-06-13T00:00:00Z,20.47
2018-06-14T00:00:00Z,20.265
2018-06-15T00:00:00Z,20.155
2018-06-16T00:00:00Z,19.825
2018-06-17T00:00:00Z,19.68
2018-06-18T00:00:00Z,18.395000000000003
2018-06-19T00:00:00Z,17.939999999999998
2018-06-20T00:00:00Z,17.8
2018-06-21T00:00:00Z,17.9
2018-06-22T00:00:00Z,18.12
2018-06-23T00:00:00Z,18.37
2018-06-24T00:00:00Z,18.2
2018-06-25T00:00:00Z,18.13
2018-06-26T00:00:00Z,18.400000000000002
2018-06-27T00:00:00Z,17.905
2018-06-28T00:00:00Z,17.990000000000002
2018-06-29T00:00:00Z,18.195
2018-06-30T00:00:00Z,18.26
2018-07-01T00:00:00Z,17.705000000000002
2018-07-02T00:00:00Z,17.849999999999998
2018-07-03T00:00:00Z,17.889999999999997
2018-07-04T00:00:00Z,17.610000000000003
2018-07-05T00:00:00Z,17.365
2018-07-06T00:00:00Z,17.255000000000003
2018-07-07T00:00:00Z,17.35
2018-07-08T00:00:00Z,17.035
2018-07-09T00:00:00Z,16.959999999999997
2018-07-10T00:00:00Z,16.240000000000002
2018-07-11T00:00:00Z,16.005000000000003
2018-07-12T00:00:00Z,15.985000000000003
2018-07-13T00:00:00Z,15.995
2018-07-14T00:00:00Z,16.215
2018-07-15T00:00:00Z,16.555
2018-07-16T00:00:00Z,16.58
2018-07-17T00:00:00Z,16.450000000000003
2018-07-18T00:00:00Z,16.59
2018-07-19T00:00:00Z,16.525
2018-07-20T00:00:00Z,16.21
2018-07-21T00:00:00Z,16.22
2018-07-22T00:00:00Z,15.910000000000002
2018-07-23T00:00:00Z,16.544999999999998
2018-07-24T00:00:00Z,16.79
2018-07-25T00:00:00Z,16.564999999999998
2018-07-26T00:00:00Z,16.335
2018-07-27T00:00:00Z,16.490000000000002
2018-07-28T00:00:00Z,16.845000000000002
2018-07-29T00:00:00Z,16.67
2018-07-30T00:00:00Z,16.645
2018-07-31T00:00:00Z,16.98
2018-08-01T00:00:00Z,17.155
2018-08-02T00:00:00Z,17.19
2018-08-03T00:00:00Z,17.17
2018-08-04T00:00:00Z,17.575
2018-08-05T00:00:00Z,17.195
2018-08-06T00:00:00Z,17.195
2018-08-07T00:00:00Z,17.18
2018-08-08T00:00:00Z,17.295
2018-08-09T00:00:00Z,17.49
2018-08-10T00:00:00Z,17.535000000000004
2018-08-11T00:00:00Z,16.965
2018-08-12T00:00:00Z,16.89
2018-08-13T00:00:00Z,16.84
2018-08-14T00:00:00Z,16.800000000000004
2018-08-15T00:00:00Z,16.97
2018-08-16T00:00:00Z,17.075000000000003
2018-08-17T00:00:00Z,17.185000000000002
2018-08-18T00:00:00Z,17.580000000000002
2018-08-19T00:00:00Z,17.689999999999998
2018-08-20T00:00:00Z,17.744999999999997
2018-08-21T00:00:00Z,17.955
2018-08-22T00:00:00Z,17.68
2018-08-23T00:00:00Z,16.740000000000002
2018-08-24T00:00:00Z,16.474999999999998
2018-08-25T00:00:00Z,16.63
2018-08-26T00:00:00Z,16.194999999999997
2018-08-27T00:00:00Z,15.56
2018-08-28T00:00:00Z,15.345
2018-08-29T00:00:00Z,16.04
2018-08-30T00:00:00Z,17.200000000000003
2018-08-31T00:00:00Z,17.595
2018-09-01T00:00:00Z,17.76
2018-09-02T00:00:00Z,17.57
2018-09-03T00:00:00Z,17.639999999999997
2018-09-04T00:00:00Z,17.68
2018-09-05T00:00:00Z,17.405
2018-09-06T00:00:00Z,17.115
2018-09-07T00:00:00Z,17.5
2018-09-08T00:00:00Z,18.275000000000002
2018-09-09T00:00:00Z,18.31
2018-09-10T00:00:00Z,18.335
2018-09-11T00:00:00Z,18.599999999999998
2018-09-12T00:00:00Z,18.815
2018-09-13T00:00:00Z,18.754999999999995
2018-09-14T00:00:00Z,18.54
2018-09-15T00:00:00Z,19.655
2018-09-16T00:00:00Z,19.720000000000002
2018-09-17T00:00:00Z,19.970000000000002
2018-09-18T00:00:00Z,20.045
2018-09-19T00:00:00Z,20.045
2018-09-20T00:00:00Z,19.994999999999997
2018-09-21T00:00:00Z,20.525000000000002
2018-09-22T00:00:00Z,20.375
2018-09-23T00:00:00Z,20.835
2018-09-24T00:00:00Z,21.385
2018-09-25T00:00:00Z,21.375
2018-09-26T00:00:00Z,21.374999999999996
2018-09-27T00:00:00Z,21.74
2018-09-28T00:00:00Z,21.544999999999998
2018-09-29T00:00:00Z,21.650000000000002
2018-09-30T00:00:00Z,21.955
2018-10-01T00:00:00Z,21.765
2018-10-02T00:00:00Z,22.419999999999998
2018-10-03T00:00:00Z,22.740000000000002
2018-10-04T00:00:00Z,21.910000000000004
2018-10-05T00:00:00Z,21.99
2018-10-06T00:00:00Z,22.04
2018-10-07T00:00:00Z,21.995
2018-10-08T00:00:00Z,21.8
2018-10-09T00:00:00Z,21.720000000000002
2018-10-10T00:00:00Z,21.765
2018-10-11T00:00:00Z,21.705000000000002
2018-10-12T00:00:00Z,21.615000000000002
2018-10-13T00:00:00Z,21.335
2018-10-14T00:00:00Z,21.21
2018-10-15T00:00:00Z,21.475
2018-10-16T00:00:00Z,21.705000000000002
2018-10-17T00:00:00Z,21.795
2018-10-18T00:00:00Z,21.939999999999998
2018-10-19T00:00:00Z,22.165000000000003
2018-10-20T00:00:00Z,22.165000000000003
2018-10-21T00:00:00Z,22.109999999999996
2018-10-22T00:00:00Z,22.035
2018-10-23T00:00:00Z,21.95
2018-10-24T00:00:00Z,21.720000000000002
2018-10-25T00:00:00Z,21.56
2018-10-26T00:00:00Z,21.299999999999997
2018-10-27T00:00:00Z,21.235
2018-10-28T00:00:00Z,21.244999999999997
2018-10-29T00:00:00Z,21.55
2018-10-30T00:00:00Z,21.665
2018-10-31T00:00:00Z,21.805
2018-11-01T00:00:00Z,21.959999999999997
2018-11-02T00:00:00Z,21.835
2018-11-03T00:00:00Z,21.695
2018-11-04T00:00:00Z,21.93
2018-11-05T00:00:00Z,22.08
2018-11-06T00:00:00Z,22.04
2018-11-07T00:00:00Z,22.39
2018-11-08T00:00:00Z,22.605
2018-11-09T00:00:00Z,22.264999999999997
2018-11-10T00:00:00Z,22.63
2018-11-11T00:00:00Z,23.145000000000003
2018-11-12T00:00:00Z,23.165
2018-11-13T00:00:00Z,23.155
2018-11-14T00:00:00Z,23.369999999999997
2018-11-15T00:00:00Z,23.635
2018-11-16T00:00:00Z,23.87
2018-11-17T00:00:00Z,23.835000000000004
2018-11-18T00:00:00Z,23.725
2018-11-19T00:00:00Z,23.295
2018-11-20T00:00:00Z,23.285
2018-11-21T00:00:00Z,23.244999999999997
2018-11-22T00:00:00Z,23.430000000000003
2018-11-23T00:00:00Z,23.659999999999997
2018-11-24T00:00:00Z,23.860000000000003
2018-11-25T00:00:00Z,23.755000000000003
2018-11-26T00:00:00Z,23.715
2018-11-27T00:00:00Z,23.765
2018-11-28T00:00:00Z,23.9
2018-11-29T00:00:00Z,24.065
2018-11-30T00:00:00Z,23.98
2018-12-01T00:00:00Z,24.285
2018-12-02T00:00:00Z,24.385
2018-12-03T00:00:00Z,24.2
2018-12-04T00:00:00Z,23.87
2018-12-05T00:00:00Z,23.81
2018-12-06T00:00:00Z,23.59
2018-12-07T00:00:00Z,23.275000000000002
2018-12-08T00:00:00Z,22.93
2018-12-09T00:00:00Z,22.849999999999998
2018-12-10T00:00:00Z,22.83
2018-12-11T00:00:00Z,23.029999999999998
2018-12-12T00:00:00Z,23.43
2018-12-13T00:00:00Z,23.880000000000003
2018-12-14T00:00:00Z,24.15
2018-12-15T00:00:00Z,24.540000000000003
2018-12-16T00:00:00Z,25.135
2018-12-17T00:00:00Z,25.185000000000002
2018-12-18T00:00:00Z,25.27
2018-12-19T00:00:00Z,25.155
2018-12-20T00:00:00Z,25.1
2018-12-21T00:00:00Z,25.990000000000002
2018-12-22T00:00:00Z,26.2
2018-12-23T00:00:00Z,26.255000000000006
2018-12-24T00:00:00Z,25.885
2018-12-25T00:00:00Z,25.485000000000003
2018-12-26T00:00:00Z,25.435000000000002
2018-12-27T00:00:00Z,25.720000000000002
2018-12-28T00:00:00Z,26.060000000000002
2018-12-29T00:00:00Z,26.085
2018-12-30T00:00:00Z,26.070000000000004
2018-12-31T00:00:00Z,26.505000000000003
2019-01-01T00:00:00Z,26.81
2019-01-02T00:00:00Z,27.065000000000005
2019-01-03T00:00:00Z,26.930000000000003
2019-01-04T00:00:00Z,26.840000000000003
2019-01-05T00:00:00Z,26.435
2019-01-06T00:00:00Z,26.485
2019-01-07T00:00:00Z,26.695
2019-01-08T00:00:00Z,26.874999999999996
2019-01-09T00:00:00Z,27.345
2019-01-10T00:00:00Z,27.6
2019-01-11T00:00:00Z,27.5
2019-01-12T00:00:00Z,27.175
2019-01-13T00:00:00Z,27.065000000000005
2019-01-14T00:00:00Z,27.94
2019-01-15T00:00:00Z,28.62
2019-01-16T00:00:00Z,28.450000000000003
2019-01-17T00:00:00Z,27.990000000000002
2019-01-18T00:00:00Z,28.065
2019-01-19T00:00:00Z,27.595
2019-01-20T00:00:00Z,27.23
2019-01-21T00:00:00Z,27.319999999999997
2019-01-22T00:00:00Z,27.080000000000002
2019-01-23T00:00:00Z,26.745
2019-01-24T00:00:00Z,26.649999999999995
2019-01-25T00:00:00Z,26.765000000000004
2019-01-26T00:00:00Z,27.014999999999997
2019-01-27T00:00:00Z,26.995
2019-01-28T00:00:00Z,27.234999999999996
2019-01-29T00:00:00Z,27.259999999999998
2019-01-30T00:00:00Z,27.849999999999998
2019-01-31T00:00:00Z,28.370000000000005
2019-02-01T00:00:00Z,28.6
2019-02-02T00:00:00Z,28.555000000000003
2019-02-03T00:00:00Z,28.240000000000002
2019-02-04T00:00:00Z,26.584999999999997
2019-02-05T00:00:00Z,26.16
2019-02-06T00:00:00Z,26.8
2019-02-07T00:00:00Z,27.369999999999997
2019-02-08T00:00:00Z,27.130000000000003
2019-02-09T00:00:00Z,26.965000000000003
2019-02-10T00:00:00Z,26.115000000000002
2019-02-11T00:00:00Z,26.025
2019-02-12T00:00:00Z,25.779999999999994
2019-02-13T00:00:00Z,25.744999999999997
2019-02-14T00:00:00Z,25.770000000000003
2019-02-15T00:00:00Z,25.955
2019-02-16T00:00:00Z,25.564999999999998
2019-02-17T00:00:00Z,25.385
2019-02-18T00:00:00Z,25.529999999999994
2019-02-19T00:00:00Z,25.335000000000004
2019-02-20T00:00:00Z,25.245
2019-02-21T00:00:00Z,25.540000000000003
2019-02-22T00:00:00Z,25.92
2019-02-23T00:00:00Z,26.32
2019-02-24T00:00:00Z,26.86
2019-02-25T00:00:00Z,26.935
2019-02-26T00:00:00Z,26.17
2019-02-27T00:00:00Z,25.825
2019-02-28T00:00:00Z,25.615
2019-03-01T00:00:00Z,25.685000000000002
2019-03-02T00:00:00Z,25.91
2019-03-03T00:00:00Z,26.135
2019-03-04T00:00:00Z,26.21
2019-03-05T00:00:00Z,26.480000000000004
2019-03-06T00:00:00Z,26.845
2019-03-07T00:00:00Z,27.160000000000004
2019-03-08T00:00:00Z,27.43
2019-03-09T00:00:00Z,27.38
2019-03-10T00:00:00Z,26.290000000000003
2019-03-11T00:00:00Z,26.085
2019-03-12T00:00:00Z,26.12
2019-03-13T00:00:00Z,26.16
2019-03-14T00:00:00Z,26.099999999999998
2019-03-15T00:00:00Z,25.6
2019-03-16T00:00:00Z,25.564999999999998
2019-03-17T00:00:00Z,25.560000000000002
2019-03-18T00:00:00Z,25.95
2019-03-19T00:00:00Z,25.924999999999997
2019-03-20T00:00:00Z,25.91
2019-03-21T00:00:00Z,25.7
2019-03-22T00:00:00Z,25.435
2019-03-23T00:00:00Z,25.380000000000003
2019-03-24T00:00:00Z,25.31
2019-03-25T00:00:00Z,25.314999999999998
2019-03-26T00:00:00Z,25.275000000000002
2019-03-27T00:00:00Z,24.875
2019-03-28T00:00:00Z,24.345
2019-03-29T00:00:00Z,24.575
2019-03-30T00:00:00Z,24.865000000000002
2019-03-31T00:00:00Z,24.635
2019-04-01T00:00:00Z,24.41
2019-04-02T00:00:00Z,24.650000000000002
2019-04-03T00:00:00Z,25.0
2019-04-04T00:00:00Z,25.075000000000003
2019-04-05T00:00:00Z,25.060000000000002
2019-04-06T00:00:00Z,25.099999999999998
2019-04-07T00:00:00Z,25.025000000000002
2019-04-08T00:00:00Z,24.59
2019-04-09T00:00:00Z,24.385
2019-04-10T00:00:00Z,24.285
2019-04-11T00:00:00Z,24.335
2019-04-12T00:00:00Z,24.595000000000002
2019-04-13T00:00:00Z,24.875000000000004
2019-04-14T00:00:00Z,25.060000000000002
2019-04-15T00:00:00Z,25.325
2019-04-16T00:00:00Z,25.255000000000003
2019-04-17T00:00:00Z,24.71
2019-04-18T00:00:00Z,24.425
2019-04-19T00:00:00Z,24.424999999999997
2019-04-20T00:00:00Z,24.565
2019-04-21T00:00:00Z,24.665000000000003
2019-04-22T00:00:00Z,24.55
2019-04-23T00:00:00Z,24.369999999999997
2019-04-24T00:00:00Z,24.185000000000002
2019-04-25T00:00:00Z,24.27
2019-04-26T00:00:00Z,24.51
2019-04-27T00:00:00Z,24.439999999999998
2019-04-28T00:00:00Z,24.009999999999998
2019-04-29T00:00:00Z,23.77
2019-04-30T00:00:00Z,23.509999999999998
2019-05-01T00:00:00Z,23.384999999999998
2019-05-02T00:00:00Z,23.465
2019-05-03T00:00:00Z,23.919999999999998
2019-05-04T00:00:00Z,24.1
2019-05-05T00:00:00Z,24.26
2019-05-06T00:00:00Z,24.26
2019-05-07T00:00:00Z,23.915
2019-05-08T00:00:00Z,23.635
2019-05-09T00:00:00Z,23.54
2019-05-10T00:00:00Z,23.21
2019-05-11T00:00:00Z,23.115000000000002
2019-05-12T00:00:00Z,23.205
2019-05-13T00:00:00Z,23.23
2019-05-14T00:00:00Z,23.39
2019-05-15T00:00:00Z,23.549999999999997
2019-05-16T00:00:00Z,23.400000000000002
2019-05-17T00:00:00Z,23.450000000000003
2019-05-18T00:00:00Z,23.375
2019-05-19T00:00:00Z,23.349999999999998
2019-05-20T00:00:00Z,22.990000000000002
2019-05-21T00:00:00Z,23.31
2019-05-22T00:00:00Z,23.395
2019-05-23T00:00:00Z,23.185
2019-05-24T00:00:00Z,23.135
2019-05-25T00:00:00Z,22.82
2019-05-26T00:00:00Z,22.569999999999997
2019-05-27T00:00:00Z,22.5
2019-05-28T00:00:00Z,21.745
2019-05-29T00:00:00Z,21.395000000000003
2019-05-30T00:00:00Z,21.39
2019-05-31T00:00:00Z,21.315
2019-06-01T00:00:00Z,21.400000000000002
2019-06-02T00:00:00Z,21.44
2019-06-03T00:00:00Z,21.445
2019-06-04T00:00:00Z,21.615000000000002
2019-06-05T00:00:00Z,21.845000000000002
2019-06-06T00:00:00Z,21.665
2019-06-07T00:00:00Z,21.445
2019-06-08T00:00:00Z,21.44
2019-06-09T00:00:00Z,21.525
2019-06-10T00:00:00Z,21.695
2019-06-11T00:00:00Z,21.66
2019-06-12T00:00:00Z,21.374999999999996
2019-06-13T00:00:00Z,21.35
2019-06-14T00:00:00Z,21.715
2019-06-15T00:00:00Z,22.470000000000002
2019-06-16T00:00:00Z,21.21
2019-06-17T00:00:00Z,21.729999999999997
2019-06-18T00:00:00Z,22.210000000000004
2019-06-19T00:00:00Z,22.369999999999997
2019-06-20T00:00:00Z,22.080000000000002
2019-06-21T00:00:00Z,21.8
2019-06-22T00:00:00Z,21.505
2019-06-23T00:00:00Z,21.33
2019-06-24T00:00:00Z,21.44
2019-06-25T00:00:00Z,21.419999999999998
2019-06-26T00:00:00Z,21.18
2019-06-27T00:00:00Z,20.91
2019-06-28T00:00:00Z,20.71
2019-06-29T00:00:00Z,21.069999999999997
2019-06-30T00:00:00Z,21.465
2019-07-01T00:00:00Z,21.54
2019-07-02T00:00:00Z,21.22
2019-07-03T00:00:00Z,20.105
2019-07-04T00:00:00Z,19.64
2019-07-05T00:00:00Z,19.125
2019-07-06T00:00:00Z,18.545
2019-07-07T00:00:00Z,18.195000000000004
2019-07-08T00:00:00Z,17.5
2019-07-09T00:00:00Z,17.88
2019-07-10T00:00:00Z,17.724999999999998
2019-07-11T00:00:00Z,17.415
2019-07-12T00:00:00Z,17.485000000000003
2019-07-13T00:00:00Z,17.91
2019-07-14T00:00:00Z,18.12
2019-07-15T00:00:00Z,17.200000000000003
2019-07-16T00:00:00Z,16.970000000000002
2019-07-17T00:00:00Z,16.775
2019-07-18T00:00:00Z,16.93
2019-07-19T00:00:00Z,16.61
2019-07-20T00:00:00Z,17.125
2019-07-21T00:00:00Z,17.685000000000002
2019-07-22T00:00:00Z,18.035
2019-07-23T00:00:00Z,18.27
2019-07-24T00:00:00Z,18.17
2019-07-25T00:00:00Z,17.855
2019-07-26T00:00:00Z,16.520000000000003
2019-07-27T00:00:00Z,15.165000000000001
2019-07-28T00:00:00Z,16.965
2019-07-29T00:00:00Z,18.195000000000004
2019-07-30T00:00:00Z,18.205000000000002
2019-07-31T00:00:00Z,18.13
2019-08-01T00:00:00Z,18.35
2019-08-02T00:00:00Z,18.290000000000003
2019-08-03T00:00:00Z,18.135
2019-08-04T00:00:00Z,17.985
2019-08-05T00:00:00Z,17.605
2019-08-06T00:00:00Z,17.485
2019-08-07T00:00:00Z,18.08
2019-08-08T00:00:00Z,18.39
2019-08-09T00:00:00Z,18.465
2019-08-10T00:00:00Z,18.085
2019-08-11T00:00:00Z,18.01
2019-08-12T00:00:00Z,18.015
2019-08-13T00:00:00Z,17.73
2019-08-14T00:00:00Z,17.115
2019-08-15T00:00:00Z,16.38
2019-08-16T00:00:00Z,16.155
2019-08-17T00:00:00Z,16.59
2019-08-18T00:00:00Z,16.795
2019-08-19T00:00:00Z,16.455
2019-08-20T00:00:00Z,16.025
2019-08-21T00:00:00Z,15.520000000000001
2019-08-22T00:00:00Z,15.48
2019-08-23T00:00:00Z,15.455
2019-08-24T00:00:00Z,15.195000000000002
2019-08-25T00:00:00Z,15.095000000000002
2019-08-26T00:00:00Z,15.104999999999999
2019-08-27T00:00:00Z,15.77
2019-08-28T00:00:00Z,15.955000000000002
2019-08-29T00:00:00Z,16.24
2019-08-30T00:00:00Z,16.650000000000002
2019-08-31T00:00:00Z,16.855
2019-09-01T00:00:00Z,16.805
2019-09-02T00:00:00Z,16.66
2019-09-03T00:00:00Z,16.805
2019-09-04T00:00:00Z,16.765
2019-09-05T00:00:00Z,16.51
2019-09-06T00:00:00Z,16.635
2019-09-07T00:00:00Z,16.69
2019-09-08T00:00:00Z,16.435000000000002
2019-09-09T00:00:00Z,16.529999999999998
2019-09-10T00:00:00Z,16.794999999999998
2019-09-11T00:00:00Z,16.974999999999998
2019-09-12T00:00:00Z,17.06
2019-09-13T00:00:00Z,17.275000000000002
2019-09-14T00:00:00Z,17.47
2019-09-15T00:00:00Z,18.605
2019-09-16T00:00:00Z,19.064999999999998
2019-09-17T00:00:00Z,19.16
2019-09-18T00:00:00Z,19.135
2019-09-19T00:00:00Z,19.2
2019-09-20T00:00:00Z,19.15
2019-09-21T00:00:00Z,18.915
2019-09-22T00:00:00Z,18.95
2019-09-23T00:00:00Z,19.175
2019-09-24T00:00:00Z,19.205000000000002
2019-09-25T00:00:00Z,19.264999999999997
2019-09-26T00:00:00Z,19.540000000000003
2019-09-27T00:00:00Z,19.724999999999998
2019-09-28T00:00:00Z,19.705
2019-09-29T00:00:00Z,19.71
2019-09-30T00:00:00Z,19.42
2019-10-01T00:00:00Z,19.83
2019-10-02T00:00:00Z,19.825
2019-10-03T00:00:00Z,18.975
2019-10-04T00:00:00Z,19.23
2019-10-05T00:00:00Z,19.145
2019-10-06T00:00:00Z,19.035
2019-10-07T00:00:00Z,19.314999999999998
2019-10-08T00:00:00Z,20.03
2019-10-09T00:00:00Z,20.575
2019-10-10T00:00:00Z,20.105
2019-10-11T00:00:00Z,20.075
2019-10-12T00:00:00Z,20.16
2019-10-13T00:00:00Z,20.385000000000005
2019-10-14T00:00:00Z,20.465000000000003
2019-10-15T00:00:00Z,20.475
2019-10-16T00:00:00Z,20.544999999999998
2019-10-17T00:00:00Z,20.82
2019-10-18T00:00:00Z,21.005
2019-10-19T00:00:00Z,21.095000000000002
2019-10-20T00:00:00Z,21.16
2019-10-21T00:00:00Z,20.965000000000003
2019-10-22T00:00:00Z,20.840000000000003
2019-10-23T00:00:00Z,20.845
2019-10-24T00:00:00Z,21.040000000000003
2019-10-25T00:00:00Z,21.275000000000002
2019-10-26T00:00:00Z,21.455
2019-10-27T00:00:00Z,21.805000000000003
2019-10-28T00:00:00Z,21.83
2019-10-29T00:00:00Z,21.895
2019-10-30T00:00:00Z,22.180000000000003
2019-10-31T00:00:00Z,22.425
2019-11-01T00:00:00Z,22.580000000000002
2019-11-02T00:00:00Z,22.68
2019-11-03T00:00:00Z,22.755
2019-11-04T00:00:00Z,23.025000000000002
2019-11-05T00:00:00Z,22.69
2019-11-06T00:00:00Z,22.245
2019-11-07T00:00:00Z,22.165
2019-11-08T00:00:00Z,22.2
2019-11-09T00:00:00Z,21.995
2019-11-10T00:00:00Z,22.075000000000003
2019-11-11T00:00:00Z,22.26
2019-11-12T00:00:00Z,22.355
2019-11-13T00:00:00Z,22.52
2019-11-14T00:00:00Z,22.195
2019-11-15T00:00:00Z,22.115
2019-11-16T00:00:00Z,22.705
2019-11-17T00:00:00Z,23.13
2019-11-18T00:00:00Z,23.41
2019-11-19T00:00:00Z,23.53
2019-11-20T00:00:00Z,23.9
2019-11-21T00:00:00Z,24.135
2019-11-22T00:00:00Z,24.27
2019-11-23T00:00:00Z,24.305
2019-11-24T00:00:00Z,24.095
2019-11-25T00:00:00Z,23.925
2019-11-26T00:00:00Z,23.415
2019-11-27T00:00:00Z,22.815
2019-11-28T00:00:00Z,22.955
2019-11-29T00:00:00Z,22.88
2019-11-30T00:00:00Z,22.330000000000002
2019-12-01T00:00:00Z,22.53
2019-12-02T00:00:00Z,22.105
2019-12-03T00:00:00Z,22.670000000000005
2019-12-04T00:00:00Z,23.045
2019-12-05T00:00:00Z,22.69
2019-12-06T00:00:00Z,22.515000000000004
2019-12-07T00:00:00Z,22.435000000000002
2019-12-08T00:00:00Z,22.599999999999998
2019-12-09T00:00:00Z,22.685000000000002
2019-12-10T00:00:00Z,22.91
2019-12-11T00:00:00Z,22.965
2019-12-12T00:00:00Z,23.245
2019-12-13T00:00:00Z,23.32
2019-12-14T00:00:00Z,23.155
2019-12-15T00:00:00Z,23.150000000000002
2019-12-16T00:00:00Z,23.200000000000003
2019-12-17T00:00:00Z,23.224999999999998
2019-12-18T00:00:00Z,23.445
2019-12-19T00:00:00Z,23.505000000000003
2019-12-20T00:00:00Z,23.62
2019-12-21T00:00:00Z,23.67
2019-12-22T00:00:00Z,23.805000000000003
2019-12-23T00:00:00Z,24.04
2019-12-24T00:00:00Z,23.919999999999998
2019-12-25T00:00:00Z,23.8
2019-12-26T00:00:00Z,23.62
2019-12-27T00:00:00Z,24.07
2019-12-28T00:00:00Z,24.935000000000002
2019-12-29T00:00:00Z,25.345
2019-12-30T00:00:00Z,25.07
2019-12-31T00:00:00Z,24.795
2020-01-01T00:00:00Z,24.830000000000002
2020-01-02T00:00:00Z,24.58
2020-01-03T00:00:00Z,24.835
2020-01-04T00:00:00Z,25.48
2020-01-05T00:00:00Z,26.075
2020-01-06T00:00:00Z,26.005
2020-01-07T00:00:00Z,26.14
2020-01-08T00:00:00Z,26.155000000000005
2020-01-09T00:00:00Z,26.615
2020-01-10T00:00:00Z,26.795
2020-01-11T00:00:00Z,26.805000000000003
2020-01-12T00:00:00Z,26.41
2020-01-13T00:00:00Z,26.275
2020-01-14T00:00:00Z,26.34
2020-01-15T00:00:00Z,26.449999999999996
2020-01-16T00:00:00Z,26.465000000000007
2020-01-17T00:00:00Z,25.835
2020-01-18T00:00:00Z,24.935
2020-01-19T00:00:00Z,24.12
2020-01-20T00:00:00Z,24.165000000000003
2020-01-21T00:00:00Z,24.68
2020-01-22T00:00:00Z,24.945
2020-01-23T00:00:00Z,25.215
2020-01-24T00:00:00Z,25.230000000000004
2020-01-25T00:00:00Z,25.415000000000003
2020-01-26T00:00:00Z,25.610000000000003
2020-01-27T00:00:00Z,25.554999999999996
2020-01-28T00:00:00Z,25.575
2020-01-29T00:00:00Z,25.579999999999995
2020-01-30T00:00:00Z,25.495
2020-01-31T00:00:00Z,25.3
2020-02-01T00:00:00Z,25.265
2020-02-02T00:00:00Z,25.31
2020-02-03T00:00:00Z,25.165
2020-02-04T00:00:00Z,25.230000000000004
2020-02-05T00:00:00Z,25.575
2020-02-06T00:00:00Z,25.865
2020-02-07T00:00:00Z,26.155000000000005
2020-02-08T00:00:00Z,26.099999999999998
2020-02-09T00:00:00Z,26.075
2020-02-10T00:00:00Z,25.974999999999998
2020-02-11T00:00:00Z,26.035
2020-02-12T00:00:00Z,25.930000000000007
2020-02-13T00:00:00Z,25.889999999999997
2020-02-14T00:00:00Z,25.514999999999997
2020-02-15T00:00:00Z,25.695000000000004
2020-02-16T00:00:00Z,26.01
2020-02-17T00:00:00Z,26.555000000000003
2020-02-18T00:00:00Z,26.945
2020-02-19T00:00:00Z,26.464999999999996
2020-02-20T00:00:00Z,26.105000000000004
2020-02-21T00:00:00Z,25.995000000000005
2020-02-22T00:00:00Z,25.98
2020-02-23T00:00:00Z,25.76
2020-02-24T00:00:00Z,25.630000000000003
2020-02-25T00:00:00Z,25.520000000000003
2020-02-26T00:00:00Z,24.515
2020-02-27T00:00:00Z,24.105
2020-02-28T00:00:00Z,24.065000000000005
2020-02-29T00:00:00Z,24.46
